user_input,retrieved_contexts,response,reference,faithfulness,answer_relevancy,context_precision,context_recall
GKS 장학금을 받는 유학생이 전공을 변경하려면 어떤 절차를 따라야 하나요?,"['suitability, or to redesign career path, etc., The recipient must change their\ndepartment based on the regulations of the university and obtain approval from\nthe president of the university. However, A GKS recipient selected for a specialized\nprogram(R&D, UIC, etc.) may only change majors within the department that aligns\nwith the purpose of the program.\n② A GKS recipient in a degree program may transfer to an integrated program\naccording to the university’s regulations, as outlined in the following provisions.\nHowever, the scholarship period will not be extended. If the recipient transfers to\nan integrated program, Articles 17 and 22(7) shall apply to the new period of the\nintegrated program, as approved by the university president.\n1. From Undergraduate degree program to Combined Undergraduate degree', ""program and Master’s degree program\n2. From a Master’s degree program to a Combined Master’s and Doctoral Degree\nProgram\n② The president of the university must notify the NIIED president of any changes in\nthe GKS recipient's degree program, or department (field of study) within one (1)\nmonth of the change.\n③ GKS recipient in the Korean language program may undergo the procedures for\nchanging their department (or major) as specified in Paragraphs 1 and 2 after\nproceeding to a degree program.\nArticle 9 (Enrollment) A GKS recipient is required to complete enrollment procedures\nwithin the registration period set by the University.\nArticle 10 (Study obligation) A GKS recipient must diligently attend classes according\nto the policies and regulations established by the Institution.\nArticle 11 (Scholastic Performance Report) ①The president of the institution is\nresponsible for reporting updates on the academic status of GKS recipients to the"", '이 경우 TOPIK 3급 합격점의 70% 이상을 취득한 장학생이어야 한다.\n⑤제4항에 따라 한국어연수과정 이수 기간을 연장한 장학생은 교육원 정부초청 외국인\n장학생 장학금 지급 세부 지침(이하 ‘장학금 지침’이라 한다)에 따른 한국어 연수\n비의 50%를 본인이 부담하여야 한다.\n⑥제4항에 따라 한국어연수과정 기간을 연장받은 장학생은 한국어연수과정 이수 기간\n이내에 TOPIK 3급 이상을 취득하고, 수학대학의 진학 조건을 충족하여야 한다.\n⑦장학생이 한국어연수과정 중에 부득이한 사유가 있으면 미리 한국어연수기관장의\n허가를 받아 결석할 수 있다. 다만, 불가피한 경우에는 사후에 의사진단서 등의 증빙\n서류를 첨부한 결석확인서를 제출할 수 있다.\n제6조(학위과정 입학) ①장학생은 교육원장이 정한 지침에 따라 학위과정에 입학하여야\n한다.\n②수학기관장은 장학생의 학위과정 입학 결과를 교육원장에게 보고하여야 한다.\n제7조(수학대학 변경) 장학생은 교육원장으로부터 입학 대학을 승인받은 이후 수학대학을\n변경할 수 없다.\n제8조(학과 등 변경) ①학위과정으로 입학한 장학생은 승인받은 최종입학학과(부)가 폐\n과되거나 또는 전공 적합성이나 진로 재설계 등의 사유로 학과(부) 변경을 원할 경\n우 수학대학의 학칙에 따라 학과(부)를 변경할 수 있다. 다만, 특화과정에 선발된 장\n학생은 해당 과정의 목적을 달성하는 학과(부) 범위 내에서 변경이 가능하다.\n②학위과정 장학생은 수학대학의 학칙에 따라 다음 각 호와 같이 통합과정으로 변경\n할 수 있으나 장학기간은 연장되지 아니한다. 다만 제17조 및 제22조제7항 적용 시\n에는 수학대학장이 인정한 통합과정의 수업연한을 기준으로 한다.\n1. 학사과정에서 학·석사통합과정\n2. 석사과정에서 석·박사통합과정\n③수학대학장은 장학생의 학위과정, 학과(계열) 변경 처리 결과를 1개월 이내에 교육\n원장에게 보고하여야 한다.\n④한국어연수과정 중인 장학생은 학위과정으로 진학한 후에 제1항 및 제2항에 따른\n- 3 -\n\n[Tables]']","GKS 장학금을 받는 유학생이 전공을 변경하려면 다음과 같은 절차를 따라야 합니다:

1. **학과 변경 사유 확인**: 전공 변경은 학과(부)가 폐과되거나 전공 적합성, 진로 재설계 등의 사유가 있을 때 가능하며, 특화과정에 선발된 경우에는 해당 과정의 목적에 맞는 학과(부) 내에서만 변경이 가능합니다.

2. **대학 규정 준수**: 변경하고자 하는 학과(부)는 수학대학의 학칙에 따라야 하며, 변경을 위해 필요한 절차를 이행해야 합니다.

3. **대학장 승인**: 학과 변경을 위해서는 수학대학장의 승인을 받아야 하며, 변경이 승인된 후에는 1개월 이내에 그 결과를 교육원장에게 보고해야 합니다.

4. **NIIED 통보**: 대학장은 GKS 장학생의 학위과정이나 학과(부) 변경 결과를 1개월 이내에 NIIED(국립국제교육원)에도 통보해야 합니다.

이러한 절차를 통해 GKS 장학생은 전공을 변경할 수 있습니다.","유학생은 대학의 규정에 따라 전공을 변경해야 하며, 대학 총장의 승인을 받아야 합니다.",1.0,0.6139393361217862,0.9999999999666667,1.0
What disciplinary actions can the NIIED president impose on a GKS recipient?,"[""② The NIIED president may impose disciplinary action on a GKS recipient in any of\nthe following cases;\n1. Engagement in political activities or conduct that may bring the national\ninterests or the honor of the Republic of Korea into disrepute;\n2. Committing harmful acts such as theft, assault, verbal abuse, and sexual assault\n(including sexual harassment and misconduct);\n3. Violation of any laws of the Republic of Korea or the recipient's home country.\n4. Submission of false documents or providing incorrect information;\n5. Breach of the pledge made to the NIIED;\n6. Engaging in wrongful acts as a GKS recipient;\n③ The NIIED president may take actions such as issuing a warning after a"", 'resolution by the disciplinary committee in the following cases:\n1. Offenses of a relatively trivial nature;\n2. Extenuating circumstances, such as an unavoidable event;\nArticle 21 (Report of Criminal Prosecution, etc.) ① A GKS Recipient must immediately\nreport to the Institution if they are prosecuted in a criminal case. The NIIED\npresident may take disciplinary action against the recipient according to Article 20\nif they fail to report.\n② The president of the institution must immediately report any criminal charges\ninvolving a GKS recipient to the NIIED president.\n③ The NIIED president has the authority to suspend the scholarship of a GKS\nrecipient facing criminal charges.\n④ The NIIED president may disqualify the scholarship according to Articles 19, and\n10, or call for the Disciplinary Committee under Articles 20 to reach a decision.\n⑤ The NIIED president may suspend scholarships and reclaim the benefits of\nthe GKS award. In such a case, the Disciplinary Committee will determine the', 'may be granted\n9. Accumulation of three (3) or more warnings related to Article 18;\n10. Sexual offense resulting in a fine or suspension of the indictment, or any other\ncrime resulting in a fine exceeding 3 million won or imprisonment without labor;\n11. Death, physical or mental incapacitation, loss of contact, completion of stay,\nissuance of departure orders, or any other circumstances that renders a GKS\nrecipient unable to continue their studies.\n12. Withdrawal from the GKS Program;\n13. Disciplinary action ordered by the Disciplinary Committee leading to\ndisqualification;\nArticle 20 (Discipline) ① Disciplinary action refers to the suspension or\ndisqualification of scholarship as determined by the Disciplinary Committee in\naccordance with the GKS Recipient Reward and Punishment Regulations.\n② The NIIED president may impose disciplinary action on a GKS recipient in any of\nthe following cases;\n1. Engagement in political activities or conduct that may bring the national']","The NIIED president can impose the following disciplinary actions on a GKS recipient:

1. **Suspension of Scholarship**: The president may suspend the scholarship of a recipient facing criminal charges or for other violations as outlined in the regulations.
2. **Disqualification from Scholarship**: The president may disqualify a recipient from the scholarship based on specific violations or after a resolution by the Disciplinary Committee.
3. **Reclamation of Benefits**: The president may reclaim the benefits of the GKS award if disciplinary action is taken.
4. **Issuing Warnings**: For offenses of a relatively trivial nature or in cases of extenuating circumstances, the president may issue a warning after a resolution by the Disciplinary Committee.

These actions are determined based on the nature of the violation and the recommendations of the Disciplinary Committee.","The NIIED president may impose disciplinary action on a GKS recipient for engaging in political activities that disrepute the national interests, committing harmful acts, violating laws, submitting false documents, breaching pledges, or engaging in wrongful acts.",0.7272727272727273,0.9999996503600403,0.9999999999666667,1.0
GKS 수혜자가 한국어 프로그램에 결석할 경우 어떤 절차를 따라야 하나요?,"['provision applies only to the GKS recipient who has achieved 70% or higher of the\npassing score for the TOPIK level three (3).\n⑤ A GKS recipient undergoing additional Korean language program as outlined in\nParagraph 4 must bear fifty percent (50%) of the language training tuition as\nspecified in the ""Scholarship Payment Guideline"" for GKS recipients by the National\nInstitute for International Education.\n⑥ A GKS recipient who has been granted an extension of Korean language program\nperiod under Paragraph 4 must obtain at least TOPIK Level 3 and meet the\nadmission requirements of the university within the extended Korean language\nprogram period.\n⑦ A GKS recipient must obtain prior approval from the president of Korean language\ninstitution in case of an unavoidable absence from the Korean language program. The\nrecipient must submit an absence report with supporting documents such as a medical\ncertificate and may provide them afterward only in unavoidable circumstances.', ""period before the academic year of transfer.\n③ The scholarship period specified in Paragraph 1 shall not be extended, and any\nleave of absence shall not be counted as part of the scholarship period.\nArticle 5 (Korean Language Program) ① A GKS recipient must complete a one-year\nKorean language program and attain a level of three (3) or higher on the Test of\nProficiency in Korean (“TOPIK”) before commencing a degree program. However, a\nrecipient who has obtained a TOPIK level of five (5) or higher, or has been\nrecognized by the NIIED president at the time of selection as eligible to complete\nthe degree program in a foreign language, may be exempted from the mandatory\nKorean language program. In such cases, the recipient may proceed directly to the\ndegree program according to the university's academic schedule.\n② If a GKS recipient has not fulfilled the requirement stated in Paragraph 1 but\nhas achieved a score of 70% or higher of the passing score of the TOPIK level"", ""form and supporting documents at least seven (7) days before the planned\ndeparture date. The applicant must receive approval from the president of Korean\nlanguage institution. In urgent cases, such as a family member's death, the\nrecipient may apply until the date of departure.\n② A GKS recipient in a degree program may apply for temporary departure under\nonly the following circumstances:\n1. During the academic semesters, without disrupting the academic schedule set by\nthe University, for up to two (2) weeks.\n2. Within University-designated vacation periods.\nA GKS recipient may apply for temporary departure by submitting an application\nform and supporting documents at least seven (7) days before the planned\ndeparture date and approval must be obtained from the Korean language\ninstitution. In urgent cases, such as the death of an immediate family member,\nthe recipient may apply until the date of departure.""]","GKS 수혜자가 한국어 프로그램에 결석할 경우, 다음 절차를 따라야 합니다:

1. **사전 승인 요청**: 결석하기 전에 한국어 기관의 학장에게 사전 승인을 받아야 합니다.
2. **결석 보고서 제출**: 결석 사유를 설명하는 결석 보고서를 제출해야 하며, 이때 의사 진단서와 같은 증빙 서류를 첨부해야 합니다.
3. **불가피한 경우**: 만약 불가피한 상황이라면, 결석 보고서와 증빙 서류를 결석 후에 제출할 수 있습니다.

이러한 절차를 준수하지 않을 경우, 결석이 인정되지 않을 수 있습니다.","GKS 수혜자는 한국어 프로그램에 결석할 경우 한국어 기관의 학장으로부터 사전 승인을 받아야 하며, 결석 보고서와 함께 의사 진단서와 같은 증빙 서류를 제출해야 합니다. 불가피한 상황에서는 이후에 서류를 제출할 수 있습니다.",1.0,0.6255231415900919,0.8333333332916666,1.0
글로벌 코리아 장학금(GKS) 프로그램의 졸업생 상태 조사는 어떻게 이루어지나요?,"['5. The exception under Subparagraph 4 shall not apply to GKS recipients who have\nreceived two (2) academic warnings.\n③ A GKS recipient in a degree program may engage in full-time employment if the\nrecipient has satisfied the graduation requirements established by the university or\nif the recipient may maintain student status at the university after commencing\nemployment.\n④ A GKS recipient who engages in employment pursuant to Paragraph 3 and\ncontinues academic studies while maintaining student status at the university may\nretain GKS recipient status. The payment of scholarships shall be determined upon\ncomprehensive consideration of academic fulfillment, academic performance, and\nthe opinion of the university.', 'provision applies only to the GKS recipient who has achieved 70% or higher of the\npassing score for the TOPIK level three (3).\n⑤ A GKS recipient undergoing additional Korean language program as outlined in\nParagraph 4 must bear fifty percent (50%) of the language training tuition as\nspecified in the ""Scholarship Payment Guideline"" for GKS recipients by the National\nInstitute for International Education.\n⑥ A GKS recipient who has been granted an extension of Korean language program\nperiod under Paragraph 4 must obtain at least TOPIK Level 3 and meet the\nadmission requirements of the university within the extended Korean language\nprogram period.\n⑦ A GKS recipient must obtain prior approval from the president of Korean language\ninstitution in case of an unavoidable absence from the Korean language program. The\nrecipient must submit an absence report with supporting documents such as a medical\ncertificate and may provide them afterward only in unavoidable circumstances.', ""program and Master’s degree program\n2. From a Master’s degree program to a Combined Master’s and Doctoral Degree\nProgram\n② The president of the university must notify the NIIED president of any changes in\nthe GKS recipient's degree program, or department (field of study) within one (1)\nmonth of the change.\n③ GKS recipient in the Korean language program may undergo the procedures for\nchanging their department (or major) as specified in Paragraphs 1 and 2 after\nproceeding to a degree program.\nArticle 9 (Enrollment) A GKS recipient is required to complete enrollment procedures\nwithin the registration period set by the University.\nArticle 10 (Study obligation) A GKS recipient must diligently attend classes according\nto the policies and regulations established by the Institution.\nArticle 11 (Scholastic Performance Report) ①The president of the institution is\nresponsible for reporting updates on the academic status of GKS recipients to the""]","글로벌 코리아 장학금(GKS) 프로그램의 졸업생 상태 조사는 다음과 같은 절차를 통해 이루어집니다:

1. **학업 성적 보고**: GKS 수혜자의 학업 상태에 대한 업데이트는 해당 기관의 총장이 책임지고 보고합니다. 이는 GKS 수혜자의 학업 성적 및 이수 현황을 포함합니다.

2. **졸업 요건 충족 여부**: GKS 수혜자가 졸업 요건을 충족했는지 여부가 중요한 요소로 고려됩니다. 졸업 요건을 만족한 경우, 수혜자는 전일제 취업이 가능하며, 이 경우에도 GKS 수혜자 자격을 유지할 수 있습니다.

3. **학업 성취도 및 대학 의견**: 장학금 지급 여부는 학업 성취도, 학업 성적, 그리고 대학의 의견을 종합적으로 고려하여 결정됩니다.

4. **학위 프로그램 변경 통보**: GKS 수혜자가 학위 프로그램이나 전공을 변경할 경우, 해당 대학의 총장은 NIIED(국립국제교육원) 총장에게 변경 사항을 한 달 이내에 통보해야 합니다.

이러한 절차를 통해 GKS 프로그램의 졸업생 상태가 관리되고 평가됩니다.","NIIED 대통령은 관련 법률 및 규정의 범위 내에서 졸업생의 경력, 취업 및 거주 국가를 포함한 상태에 대한 설문조사를 실시할 수 있으며, 필요한 경우 대학의 대통령에게 졸업생 설문조사에 필요한 정보와 상태 데이터를 요청할 수 있습니다.",0.6666666666666666,0.6843182780263178,0.3333333333,0.0
Global Korea Scholarship(GKS) 수혜자는 어떤 조건을 충족해야 하나요?,"['Regulations for Global Korea Scholarship Recipients\nAmended on March 1, 2026\nArticle 1 (Purpose) The purpose of these regulations is to establish the necessary\nprovisions to ensure a sound academic environment and promote faithful diligent\nstudy among award recipients of the Global Korea Scholarship(“GKS”) Program\n(hereinafter referred to as “GKS recipient”).\nArticle 2 (Definitions of Terms) The definitions of terms used in these regulations are as follows:\n1. GKS recipient: An international student selected for the Global Korea Scholarship\n(GKS) Program or other equivalent scholarship programs conducted by the\nNational Institute for International Education (“NIIED”).\n2. Institution: The university or Korean language institution where the GKS\nrecipient is enrolled for the purpose of pursuing academic studies or training.\n3. University: The university where the GKS recipient is enrolled in a degree\nprogram or relevant.\n4. President of the Institution: The president of the Institution.', '[Tables]\n|  |  |\n|  |  |\n| WHY DONG-A? |  |\n| ‘IEQAS’(International Education Quality Best Private University in Busan Assurance System) accredited University With3 Specialized Campuses Global Network of 345 Institutions GKS(Global Korea Scholarship) from 40 countries running University 11colleges / 58 majors Various Scholarship Benefits |  |\n|  | Green Smart City, BUSAN |\n| Financial Hub Population of No.1 Tourist & 3.65 Million Attraction MICE City 2nd largest city in Korea Convenient transport (International Airport, train, subway, bus) |  |\n| ‘IEQAS’(International Education Quality Best Private University in Busan Assurance System) accredited University With3 Specialized Campuses |\n| Global Network of 345 Institutions GKS(Global Korea Scholarship) from 40 countries running University |\n| 11colleges / 58 majors Various Scholarship Benefits |', 'provision applies only to the GKS recipient who has achieved 70% or higher of the\npassing score for the TOPIK level three (3).\n⑤ A GKS recipient undergoing additional Korean language program as outlined in\nParagraph 4 must bear fifty percent (50%) of the language training tuition as\nspecified in the ""Scholarship Payment Guideline"" for GKS recipients by the National\nInstitute for International Education.\n⑥ A GKS recipient who has been granted an extension of Korean language program\nperiod under Paragraph 4 must obtain at least TOPIK Level 3 and meet the\nadmission requirements of the university within the extended Korean language\nprogram period.\n⑦ A GKS recipient must obtain prior approval from the president of Korean language\ninstitution in case of an unavoidable absence from the Korean language program. The\nrecipient must submit an absence report with supporting documents such as a medical\ncertificate and may provide them afterward only in unavoidable circumstances.']","Global Korea Scholarship (GKS) 수혜자는 다음과 같은 조건을 충족해야 합니다:

1. **TOPIK 성적**: GKS 수혜자는 TOPIK(한국어 능력 시험)에서 3급 이상을 취득해야 하며, 이를 위해 70% 이상의 합격 점수를 달성해야 합니다.

2. **한국어 프로그램 이수**: 추가 한국어 프로그램을 이수하는 경우, 수혜자는 해당 프로그램의 수업료의 50%를 부담해야 합니다.

3. **입학 요건 충족**: 한국어 프로그램 기간 연장이 승인된 경우, 수혜자는 연장된 기간 내에 TOPIK 3급을 취득하고 대학의 입학 요건을 충족해야 합니다.

4. **결석 승인**: 한국어 프로그램에서 불가피한 결석이 있을 경우, 수혜자는 한국어 기관의 기관장으로부터 사전 승인을 받아야 하며, 결석 보고서와 함께 의학적 증명서 등의 지원 문서를 제출해야 합니다. 불가피한 상황에서만 이후에 문서를 제출할 수 있습니다. 

이러한 조건들은 GKS 수혜자가 학업을 성실히 수행하고, 한국어 능력을 향상시키기 위한 규정입니다.",GKS 수혜자는 National Institute for International Education(NIIED)에서 실시하는 Global Korea Scholarship(GKS) 프로그램 또는 동등한 장학금 프로그램에 선정된 국제 학생이어야 합니다.,1.0,0.7800617408723203,0.9999999999,1.0
유학 비자를 신청할 때 필요한 서류는 무엇인가요?,"['| 순번 | 제출서류 |  | 구분 |  | 비고 |\n|  |  |  | 신입 | 편입 |  |\n| 1 | 입학지원서 |  | ● | ● | - 온라인접수후출력 (applydonga.accomsystem.co.kr) |\n| 2 | 자기소개서 |  | ● | ● | (양식1) |\n| 3 | 학력조회동의서 |  | ● | ● | (양식2) |\n| 4 | 고등학교졸업(예정)증명서 |  | ● | ● | - ‘유의사항마.’ 참조 - 아포스티유혹은한국영사확인 |\n| 5 | 고등학교성적증명서 |  | ● | ● | - 유의사항바.’ 참조 - 고등학교전학년성적기재 - 아포스티유혹은한국영사확인 |\n| 6 | 전적대학졸업(예정)증명서 또는 재학증명서 |  |  | ● | - ‘유의사항마.’ 참조 - 아포스티유혹은한국영사확인 - 편입지원자중학사과정재학생은재학증명서, 전문학사졸업(예정)생은졸업(예정)증명서제출 |\n| 7 | 전적대학성적증명서 |  |  | ● | - 유의사항바.’ 참조 - 대학교전과정성적기재 - 아포스티유혹은한국영사확인 |\n| 8 | 부모·학생관계증명서 |  | ● | ● | - 유의사항사.’ 참조 |\n| 9 | 본인및부모의신분증사본 |  | ● | ● | - 국적확인가능한신분증제출 (여권혹은본국신분증) |\n| 10 | 재정능력입증서류(은행잔고증명서) |  | ● | ● | - ‘유의사항아.’ 참조 |\n| 11 | 재정능력입증서류의 주체가본인이아닐시 | 재정보증확인서 | ● | ● | (양식3) |\n|  |  | 재정보증인수입증명서 | ● | ● |  |\n|  |  | 재직증명서 | ● | ● |  |\n| 12 | 어학능력입증서류 |  | ● | ● | - 유효기간내성적만접수가능 (접수마감일기준2년이내취득) |\n| 13 | 여권사본 |  | ● | ● |  |', ""❑ 비자 종류별 정보 / Visa type Information\nD-2-5 Research Study 91일이상, 단수입국(인도인만복수)\nOver 91 days, Single entry\nD-2-5 연구유학\n(Only Indian national Multiple entry)\n➢ 비자+ 서비스수수료/ Visa + Service fee\nVisa Fee (Mandatory) Please check your visa fee HERE in EURO\nService Fee (Mandatory) 60.00 EURO\nCourier Return service (Optional) 15.00 EURO\n➢ 필수제출서류/ Mandatory document to be submitted\n1 VisaApplicationForm(Formno.17)/ 사증발급신청서(제17호서식)e-signature not permitted/전자서명불가\nPassport with at least 6 months remainder validity\n2\n여권유효기간이최소6개월이상남아있는여권\nOne3.5X4.5cmpicturetakeninthepast6months. Please glue the photo on the Application Form.\n3\n최근6개월이내촬영한3.5X4.5cm사진. 사증발급신청서사진란에풀로부착.\nCertificate of Master or Doctoral's degree* + Apostilled(original)\n4\n신청인의석/박사졸업증(아포스티유(원본)필요)\nBusiness registration of the university in Korea issued within 3 months\n5\n한국대학교의사업자등록증명원명원(발급3개월이내)\nFinancial proof\n재정증명\n- Applicant’s Bank Statement (650EUR * 00months) issued within 2weeks.\n신청인은행계좌내역"", '6. 제출 서류\n가. 필수 제출 서류\n구분\n순번 제출서류 비고\n신입 편입\n- 온라인접수후출력\n1 입학지원서 ● ●\n(applydonga.accomsystem.co.kr)\n● ●\n2 자기소개서 (양식1)\n3 학력조회동의서 ● ● (양식2)\n- ‘유의사항마.’ 참조\n4 고등학교졸업(예정)증명서 ● ●\n- 아포스티유혹은한국영사확인\n- 유의사항바.’ 참조\n5 고등학교성적증명서 ● ● - 고등학교전학년성적기재\n- 아포스티유혹은한국영사확인\n- ‘유의사항마.’ 참조\n전적대학졸업(예정)증명서 또는 - 아포스티유혹은한국영사확인\n6 ●\n재학증명서 - 편입지원자중학사과정재학생은재학증명서,\n전문학사졸업(예정)생은졸업(예정)증명서제출\n- 유의사항바.’ 참조\n7 전적대학성적증명서 ● - 대학교전과정성적기재\n- 아포스티유혹은한국영사확인\n8 부모·학생관계증명서 ● ● - 유의사항사.’ 참조\n- 국적확인가능한신분증제출\n9 본인및부모의신분증사본 ● ●\n(여권혹은본국신분증)\n10 재정능력입증서류(은행잔고증명서) ● ● - ‘유의사항아.’ 참조\n재정보증확인서 ● ● (양식3)\n재정능력입증서류의\n11 재정보증인수입증명서 ● ●\n주체가본인이아닐시\n재직증명서 ● ●\n- 유효기간내성적만접수가능\n12 어학능력입증서류 ● ●\n(접수마감일기준2년이내취득)\n13 여권사본 ● ●\n※ 양식별첨\n※ 원서접수기간내필수제출서류를전체스캔하여원서접수사이트에업로드\n※ 업로드시, 항목당파일한개로통합하여제출(PDF, JPG, PNG파일형식)\n※제출서류중[한국어또는영어]외의다른언어로된서류는한국어또는영어로번역공증을받아제출\n- 9 -']","유학 비자를 신청할 때 필요한 서류는 다음과 같습니다:

1. **사증발급신청서 (Form no. 17)** - 전자서명 불가
2. **여권** - 최소 6개월 이상의 유효기간이 남아 있어야 함
3. **최근 6개월 이내 촬영한 3.5X4.5cm 사진** - 신청서 사진란에 풀로 부착
4. **석사 또는 박사 졸업증명서** - 아포스티유 필요 (원본)
5. **한국대학교의 사업자등록증명원** - 발급일로부터 3개월 이내
6. **재정증명서** - 신청인의 은행 계좌 내역 (650 EUR * 00개월) - 2주 이내 발급된 것

이 외에도 추가적인 서류가 필요할 수 있으니, 구체적인 요구 사항은 해당 기관에 확인하는 것이 좋습니다.","여권 유효기간이 최소 6개월 이상 남아있는 여권, 최근 6개월 이내 촬영한 3.5X4.5cm 사진, 입학 허가서(Certificate of Admission), 한국 대학교의 사업자 등록증명원, 송금 내역서, 우편접수시 책임 면책서가 필요합니다.",0.8888888888888888,0.0,0.9999999999666667,0.5
D-2-1 비자를 신청하기 위해 필요한 서류는 무엇인가요?,"['8 D-2-5 연구비자 11\nD-2-5 Research Student\n9 D-2-6 교환학생비자 12\nD-2-6 Exchange Student Visa\n10 D-2-8 단기유학비자 13\nD-2-8 Visiting Student\n11 D-4 한국어연수비자 14\nD-4 Korean Language Trainee\n12 사증발급인정번호를보유한자 15\nThose who have a visa issuance number\n(*Student from Cuba, Syria, Kosovo must have Confirmation of Visa Issuance to apply for a visa)\nPlease click here for frequent Q&A', '❑ 비자 종류별 정보 / Visa type Information\nD-2-1 ~ D-2-4 University Student Visa 91일이상, 단수입국(독일인, 일본인만복수)\nOver 91 days, Single entry\nD-2-1 ~ D-2-4 학생 유학 비자\n(Only German, Japanese nationals Multiple entry)\n➢ 비자+ 서비스수수료/ Visa + Service fee\nVisa Fee (Mandatory) Please check your visa fee HERE in EURO\nService Fee (Mandatory) 60.00 EURO\nCourier Return service (Optional) 15.00 EURO\nStudent from the countries below, please go to page no.10\nBangladesh, Cameroon, China, Ethiopia, Egypt, Ghana, Guinea, Iran, India, Indonesia, Kazakhstan,\nKyrgyzstan, Nigeria, Nepal, Mali, Myanmar, Mongolia, Pakistan, Peru, Philippines, Sri Lanka, Thailand,\nUkraine, Uzbekistan, Uganda, and Vietnam.\n➢ 필수제출서류/ Mandatory document to be submitted\n1 VisaApplicationForm(Formno.17)/ 사증발급신청서(제17호서식)e-signature not permitted/전자서명불가\nPassport with at least 6 months remainder validity\n2\n여권유효기간이최소6개월이상남아있는여권\nOne3.5X4.5cmpicturetakeninthepast6months. Please glue the photo on the Application Form.\n3', '❑ 비자 종류별 정보 / Visa type Information\nD-2-6 Exchange Student Visa 91일이상, 단수입국(독일인만복수)\nOver 91 days, Single entry\nD-2-6 교환학생 비자\n(Only German national Multiple entry)\n➢ 비자+ 서비스수수료/ Visa + Service fee\nVisa Fee (Mandatory) Please check your visa fee HERE in EURO\nService Fee (Mandatory) 60.00 EURO\nCourier Return service (Optional) 15.00 EURO\nStudent from the countries below, please go to page no.12\nBangladesh, Cameroon, China, Ethiopia, Egypt, Ghana, Guinea, Iran, India, Indonesia, Kazakhstan,\nKyrgyzstan, Nigeria, Nepal, Mali, Myanmar, Mongolia, Pakistan, Peru, Philippines, Sri Lanka, Thailand,\nUkraine, Uzbekistan, Uganda, and Vietnam.\n➢ 필수제출서류/ Mandatory document to be submitted\n1 VisaApplicationForm(Formno.17)/ 사증발급신청서(제17호서식)e-signature not permitted/전자서명불가\nPassport with at least 6 months remainder validity\n2\n여권유효기간이최소6개월이상남아있는여권\nOne3.5X4.5cmpicturetakeninthepast6months. Please glue the photo on the Application Form.\n3\n최근6개월이내촬영한3.5X4.5cm사진. 사증발급신청서사진란에풀로부착.']","D-2-1 비자를 신청하기 위해 필요한 서류는 다음과 같습니다:

1. **사증발급신청서(제17호서식)**: 전자서명 불가.
2. **여권**: 유효기간이 최소 6개월 이상 남아있는 여권.
3. **사진**: 최근 6개월 이내에 촬영한 3.5X4.5cm 사진 1장. 신청서에 풀로 부착해야 합니다. 

추가적으로 비자 수수료와 서비스 수수료도 필요합니다.","D-2-1 비자를 신청하기 위해 필요한 서류는 다음과 같습니다: 1) 비자 신청서 (사증발급신청서 제17호 서식), 2) 여권 (최소 6개월 이상 유효기간이 남아 있어야 함), 3) 최근 6개월 이내에 촬영한 3.5x4.5cm 사진 1장 (신청서에 붙여야 함)입니다.",0.8333333333333334,0.6250637433200912,0.5833333333041666,1.0
유학생이 기숙사에서 제공되는 시설은 무엇인가요?,"['| 구분 |  |  | 수혜금액 | 수혜조건 |\n| 장학명 | 자격요건 | 종류 |  |  |\n| 외국인 성적우수 장학금 A,B,C,D | 외국인유학생 특별전형으로 입학한자 (융합경영학과 학생제외) | A | 수업료100% | 직전학기성적순위가10% 미만 |\n|  |  | B | 수업료70% | 직전학기성적순위가40% 미만 |\n|  |  | C | 수업료40% | 직전학기성적순위가60% 미만 |\n|  |  | D | 수업료20% | 직전학기성적순위가80% 미만 |\n| 근로장학금 | 교내행정업무지원 |  | 월평균500,000원 | 국제교류과선발기준에따름 |\n| TOPIK 장학금 | TOPIK 성적표제출자 |  | 시험응시료의일부 | TOPIKⅡ(중급) 응시표제출자(응시료의경우횟수제한없음) - TOPIK PBT 응시료55,000원중35,000원 지원 - TOPIKiBT응시료95,000원중45,000원 지원 - TOPIK말하기평가응시료80,000원 중40,000원 지원 |\n|  |  |  | 500,000원 | TOPIK(PBT, iBT) 3급제출자 |\n|  |  |  | 700,000원 | TOPIK(PBT, iBT) 4급제출자 |\n|  |  |  | 500,000원 | TOPIK(PBT, iBT) 5급제출자 |\n|  |  |  | 500,000원 | TOPIK(PBT, iBT) 6급제출자 |\n| 구분 | 시설 | 가격 | 위치 |\n| 한림생활관 | 가. 기본시설 : 침대, 책상, 옷장, 신발장, 수납장등 나. 그외시설 : 카페테리아, 휴게실, 세탁실등 | 한학기(방학제외) 승학1관(여자기숙사): 939,000원 승학2관(남자기숙사): 1,070,000원 | 승학 |', '나. 재학생 장학금\n구분\n수혜금액 수혜조건\n장학명 자격요건 종류\nA 수업료100% 직전학기성적순위가10% 미만\n외국인유학생\n외국인\n특별전형으로 B 수업료70% 직전학기성적순위가40% 미만\n성적우수\n입학한자\n장학금\n(융합경영학과 C 수업료40% 직전학기성적순위가60% 미만\nA,B,C,D\n학생제외)\nD 수업료20% 직전학기성적순위가80% 미만\n근로장학금 교내행정업무지원 월평균500,000원 국제교류과선발기준에따름\nTOPIKⅡ(중급) 응시표제출자(응시료의경우횟수제한없음)\n- TOPIK PBT 응시료55,000원중35,000원 지원\n시험응시료의일부\n- TOPIKiBT응시료95,000원중45,000원 지원\n- TOPIK말하기평가응시료80,000원 중40,000원 지원\nTOPIK\nTOPIK 성적표제출자 500,000원 TOPIK(PBT, iBT) 3급제출자\n장학금\n700,000원 TOPIK(PBT, iBT) 4급제출자\n500,000원 TOPIK(PBT, iBT) 5급제출자\n500,000원 TOPIK(PBT, iBT) 6급제출자\n※장학금지급기준및지급액은본교장학제도에따라변동될수있음\n※성적우수장학금의경우동점자발생시학과기준에따라장학이결정됨\n13. 기타 사항\n가. 기숙사\n구분 시설 가격 위치\n가. 기본시설\n한학기(방학제외)\n: 침대, 책상, 옷장, 신발장, 수납장등\n한림생활관 승학1관(여자기숙사): 939,000원 승학\n나. 그외시설\n승학2관(남자기숙사): 1,070,000원\n: 카페테리아, 휴게실, 세탁실등\n※ 상기금액은2026년기숙사비기준이며, 2027년기숙사비책정시변동될수있음\n※ 기숙사홈페이지: http://hanlim.donga.ac.kr\n※ 기숙사신청방법: 합격자대상으로추후공지\n- 17 -', '[Tables]\n|  |\n| 나. 재학생 장학금 구분 수혜금액 수혜조건 장학명 자격요건 종류 A 수업료100% 직전학기성적순위가10% 미만 외국인유학생 외국인 특별전형으로 B 수업료70% 직전학기성적순위가40% 미만 성적우수 입학한자 장학금 (융합경영학과 C 수업료40% 직전학기성적순위가60% 미만 A,B,C,D 학생제외) D 수업료20% 직전학기성적순위가80% 미만 근로장학금 교내행정업무지원 월평균500,000원 국제교류과선발기준에따름 TOPIKⅡ(중급) 응시표제출자(응시료의경우횟수제한없음) - TOPIK PBT 응시료55,000원중35,000원 지원 시험응시료의일부 - TOPIKiBT응시료95,000원중45,000원 지원 - TOPIK말하기평가응시료80,000원 중40,000원 지원 TOPIK TOPIK 성적표제출자 500,000원 TOPIK(PBT, iBT) 3급제출자 장학금 700,000원 TOPIK(PBT, iBT) 4급제출자 500,000원 TOPIK(PBT, iBT) 5급제출자 500,000원 TOPIK(PBT, iBT) 6급제출자 ※장학금지급기준및지급액은본교장학제도에따라변동될수있음 ※성적우수장학금의경우동점자발생시학과기준에따라장학이결정됨 13. 기타 사항 가. 기숙사 구분 시설 가격 위치 가. 기본시설 한학기(방학제외) : 침대, 책상, 옷장, 신발장, 수납장등 한림생활관 승학1관(여자기숙사): 939,000원 승학 나. 그외시설 승학2관(남자기숙사): 1,070,000원 : 카페테리아, 휴게실, 세탁실등 ※ 상기금액은2026년기숙사비기준이며, 2027년기숙사비책정시변동될수있음 ※ 기숙사홈페이지: http://hanlim.donga.ac.kr ※ 기숙사신청방법: 합격자대상으로추후공지 - 17 - |\n| 구분 |  |  | 수혜금액 | 수혜조건 |\n| 장학명 | 자격요건 | 종류 |  |  |']","유학생이 기숙사에서 제공되는 기본 시설은 다음과 같습니다:

- 침대
- 책상
- 옷장
- 신발장
- 수납장

그 외에도 카페테리아, 휴게실, 세탁실 등의 시설이 제공됩니다.","기숙사에서는 세탁실, 휴게실, 욕실, 침대, 책상, 의자, 책장, 옷장, 에어컨, 난방 시스템, LAN이 제공됩니다.",0.625,0.44627898416131206,0.9999999999666667,0.0
유학생이 수업을 통과하기 위해 필요한 조건은 무엇인가요?,"['3. 학위과정 장학생의 시간제 취업은 학업 성취도, 출결, 지도교수 의견 등을 종합적으로 고\n려하여, 학업에 중대한 지장이 없는 범위에서 수학대학장이 인정하는 경우 가능하다. 이\n경우 시간제 취업의 범위 및 기준은 법무부 등 관계 기관이 정한 외국인 유학생 시간\n제 취업 허가 기준을 따른다.\n가. 수학대학 내 근로장학생의 경우\n나. 학업과 연관된 연구·학술 활동의 경우\n다. 현장 실습학기제 운영에 따른 현장실습에 참여하는 경우\n- 9 -', '사정, 본인의 중대한 질병 등 부득이한 사유가 있는 경우에 한하여 허용한다. 이 경\n우 장학생은 휴학 신청서와 함께 해당 사유를 증빙하는 자료를 제출하여야 한다.\n④휴학은 학기 단위로 신청하여야 하며, 총 휴학 기간은 1년을 초과할 수 없다.\n다만, 수학기관장이 특별한 사유로 인정하는 경우에는 최대 1년의 범위에서 휴학 기\n간을 추가로 연장할 수 있다.\n⑤수학대학장은 장학생의 휴학 처리 결과를 교육원장에게 보고하여야 한다.\n제13조(복학) ①복학하고자 하는 장학생은 휴학 기간 종료 1개월 전까지 수학기관의\n학칙에 따라 복학 신고를 하여야 한다.\n②수학기관장은 장학생의 복학 처리 결과를 매학기 개시일 2주 전까지 교육원장에게\n보고하여야 한다.\n제14조(비상연락망 유지) 장학생은 체류지, 연락처 등 정보가 변경된 즉시 수학기관에\n신고하여야 하며, 수학기관장은 수학대학의 장학생 및 교육원과의 비상 연락 체계를\n상시 유지하여야 한다.\n제15조(일시출국) ①한국어연수과정 장학생의 일시출국은 다음 각호에 한하여 일시출국\n7일 전까지 일시출국신청서 및 증빙서류를 제출하여 한국어 연수기관장의 승인을\n받아야 한다. 다만 가족사망 등의 이유로 출국이 긴급한 경우에는 일시출국일까지\n신청할 수 있다.\n1. 학기 중에는 본국의 긴급 소환, 직계 가족의 긴급한 가정 사정, 본인의 중대한 질병\n등 특별한 사안이 발생한 경우에 한하여 최대 2주까지 일시출국 허용\n2. 한국어 연수기관장이 정한 방학 기간 범위 내에서 최대 4주까지 일시출국 허용\n②학위과정 장학생의 일시출국은 다음 각호에 한하여 일시출국 7일 전까지 일시출국\n신청서를 제출하여 수학대학장의 승인을 받아야 한다. 다만 가족사망 등의 이유로\n출국이 긴급한 경우에는 일시출국일까지 신청할 수 있다.\n1. 학기 중에는 학업에 지장이 없는 범위 내에서 최대 2주까지 일시출국 허용\n2. 수학대학장이 정한 방학 기간 내에서 일시출국 허용\n제16조(재입국 신고) ①일시출국 기간이 종료되어 재입국한 장학생은 7일 이내에 출입국\n- 5 -', '학과(부) 변경 등의 절차를 거칠 수 있다.\n제9조(등록) ①장학생은 수학기관이 정한 등록기간 내에 등록하여야 한다.\n②수학기관장은 장학생이 매학기 등록 기한까지 등록을 아니한 경우 교육원장에게\n보고하여야 한다.\n제10조(수학 의무) 장학생은 수학기관의 학칙, 규정 등에 따라 성실히 수강하여야 한다.\n제11조(수학 상황 보고) ①수학기관장은 장학생의 수학 상황을 매학기 종료 후에 다음\n각호와 같이 교육원장에게 보고하여야 한다.\n1. 한국어연수과정 : 성적 및 수료 상황\n2. 학위과정 : 성적, 수료 및 학위 취득 상황\n②특화과정으로 교육원장이 인정하는 외국대학과의 공동학위 및 복수학위(이하 “공동\n학위 등”이라 한다)를 운영하는 수학대학장은 다음 각 호의 사항을 교육원장에게 보고\n하여야 한다.\n1. 매학기 종료 후에 성적, 수료 및 학위 취득 상황. 다만 외국대학에서 공동학위 등\n을 수학하는 기간의 성적은 제외\n2. 학기 개시 1개월 전에 공동학위 등을 운영하는 외국대학의 명칭, 외국대학 체류 학기\n및 체류 기간\n3. 공동학위 등 이수를 위한 출입국일. 출국일은 7일 전까지, 입국일은 7일 이내 보고\n③학위과정 장학생은 최종 수학 완료 시 수학종료보고서 등의 서류를 교육원장에게\n제출하여야 한다.\n제12조(휴학 등) ①한국어연수과정 장학생은 휴학할 수 없으며, 다만 본국의 긴급 소환,\n긴급한 가정 사정, 본인의 중대한 질병 등 부득이한 경우에 한하여 한국어 연수기관의\n규정에 따라 휴학 등을 신청하고 교육원장의 승인을 받아야 한다.\n②학기 시작 전 휴학하고자 하는 학위과정 장학생은 수학대학의 규정에 따라 휴학을\n신청하고 수학대학장의 승인을 받아야 한다.\n③학기 중간에 휴학하고자 하는 학위과정 장학생은 본국의 긴급 소환, 긴급한 가정\n- 4 -\n\n[Tables]']","유학생이 수업을 통과하기 위해 필요한 조건은 다음과 같습니다:

1. **성실한 수강**: 장학생은 수학기관의 학칙 및 규정에 따라 성실히 수강해야 합니다.

2. **학업 성취도**: 장학생의 성적이 일정 기준 이상이어야 하며, 수학기관장은 매학기 종료 후 성적 및 수료 상황을 교육원장에게 보고해야 합니다.

3. **출결**: 출석 상황도 중요한 요소로, 출결이 양호해야 학업 성취도에 긍정적인 영향을 미칩니다.

4. **지도교수 의견**: 지도교수의 의견도 학업 성취도 평가에 포함되므로, 교수와의 원활한 소통이 필요합니다.

이 외에도 장학생은 등록 기한 내에 등록을 완료해야 하며, 학기 중간에 휴학을 원할 경우에는 특별한 사유가 필요합니다.",70점 이상의 성적과 80% 이상의 출석률을 충족해야 합니다.,0.7,0.45925182685720434,0.0,0.0
이 대학교의 한국어 과정은 어떤 주제를 다루고 있나요?,"['Course Korean\nLanguage\n2026-2027\nDong-A University\n\n[Tables]\n|  |  |  |  |  |  |  |\n|  |  |  |  |  |  |  |\n|  |\n|  |\n|  |  |\n|  |  |\n|  |  |  |\n|  |  |\n|  |  |', 'Before the beginning of the class Full refund\n3 Procdeures\nBefore 1/3 of the total class hours have been taken 2/3 of total tuition\nOther\nAfter 1/3 of the total class hours have been taken 1/2 of total tution Application Procedure\nAfter 1/2 of the total class hours have been taken No refund\nScreening, Issuing of\nSubmit the Visa application\nInterview, notice admission Opening of\n* Required Documents: Refund request form, a copy of bankbook, a certificate of admission (if visa has not yet been obtained) required Payment (Korean Entry\nof admissions, letter and other classes\ndocument embassy)\n* Further process will be under the rules and regulations of Language Education Center. issuing of invoice documents\nStudent → University →\nStudent University Student Student Student\nUniversity Student\n2026-2027 Korean Language Course Dong-A University', '| 프로그램명 | 프로그램내용 |\n| 유학생학습튜터링 | 외국인학부신/편입생과한국인재학생을多:1로매치하여외국인학부학교생 활안내및학업지원 |\n| 유학생전공스터디그룹 | 학부유학생(2~4학년)들의전공학습지원을위한튜터링프로그램 (한국인튜터, 유학생튜티로스터디진행) |\n| 동아동화 | 본교한국인재학생과외국인재학생이모여부산지역거주외국인들을 대상으로지역사회봉사활동기획/운영 |\n| 데일리(Dong-AI Love You) | 외국인유학생대상문화활동기획및홍보를통한내·외국인재학생간국제교 류활동활성화를위한다양한역할을수행할수있는프로그램 |\n| 기타행사 | 유학생체육대회, International Day,한국문화체험, 글로벌리더스클럽(Global Leaders Club)-취업역량강화프로그램, 한국법령교육등 |']","이 대학교의 한국어 과정은 다음과 같은 주제를 다루고 있습니다:

1. **언어 교육**: 한국어의 기초부터 고급 수준까지 다양한 언어 능력을 개발하는 교육 과정.
2. **문화 활동**: 외국인 유학생을 위한 문화 활동 기획 및 홍보를 통해 내·외국인 학생 간의 국제 교류를 활성화하는 프로그램.
3. **학업 지원**: 유학생 학습 튜터링 프로그램을 통해 외국인 학생들에게 학업 지원 및 학교 생활 안내.
4. **전공 학습 지원**: 유학생 전공 스터디 그룹을 통해 학부 유학생들의 전공 학습을 지원하는 튜터링 프로그램.
5. **지역 사회 봉사**: 동아동화 프로그램을 통해 한국인 학생과 외국인 학생이 함께 부산 지역 거주 외국인을 위한 봉사 활동을 기획하고 운영.
6. **기타 행사**: 유학생 체육대회, International Day, 한국 문화 체험, 글로벌 리더스 클럽 등 다양한 행사와 프로그램을 통해 학생들의 사회적 및 직업적 역량을 강화.

이러한 프로그램들은 외국인 유학생들이 한국어를 배우고 한국 문화에 적응하는 데 도움을 주기 위해 설계되었습니다.","이 대학교의 한국어 과정은 한국 문화, 사회, 비즈니스 언어, 그리고 한국의 사고 방식을 이해하기 위한 다양한 표현과 관용구를 포함하여, 초급부터 고급까지 다양한 수준의 수업을 제공합니다.",0.9285714285714286,0.6758075473363115,0.0,0.0
"유학생이 성적 경고를 받은 경우, 어떤 조건을 충족해야 인턴 활동이 허용되나요?","['라. 인턴 활동의 경우\n마. 그 밖에 법무부 등 관계 기관이 정한 외국인 유학생 취업 허용 범위 내 활동\n4. 제3호 마목에 따른 활동은 원칙적으로 동 지침 제18조 제2호 성적 경고를 받은 장학생\n에게는 허용하지 아니한다. 다만, 다음 각 목의 요건을 모두 충족하는 경우에는 예외적\n으로 허용할 수 있다.\n가. 성적경고를 1회만 받은 경우\n나. 직전 학기 성적 평점평균(백분위 환산점수)이 학사 및 전문학사 과정 80/100 이\n상, 석사 및 박사 과정 85/100 이상을 충족한 경우\n다. 수학대학장이 학업 지속 가능성을 인정한 경우\n5. 성적경고를 2회 이상 받은 장학생에 대하여는 제4호 단서의 예외를 적용하지 아니한다.\n③학위과정 장학생은 수학대학이 정한 졸업 요건을 충족한 경우 또는 취업 이후에도 수\n학대학의 학적 유지가 가능한 경우 취업할 수 있다.\n④제3항에 따라 취업한 장학생이 학업을 지속하고 수학대학의 학적을 유지하는 경우에는\n장학생 자격을 유지할 수 있으며, 장학금 지급 여부는 학업 이행 여부, 학업 성취도 및\n대학의 의견 등을 종합적으로 고려하여 결정한다.\n⑤교육원장은 정부초청 외국인 장학생(GKS) 사업의 성과 분석 및 동문 네트워크 구축을\n위하여 관련 법령이 허용하는 범위 내에서 졸업생(동문)의 진로, 취업, 거주 국가 등\n현황을 조사할 수 있다.\n⑥교육원장은 제5항에 따른 조사 수행을 위하여 필요한 경우, 관련 법령에 따라 수학대\n학장에게 졸업생(동문) 조사에 필요한 정보 및 현황 자료 등을 요청할 수 있다. 이 경\n우 수학대학장은 특별한 사정이 없는 한 이에 협조하여야 한다.\n제25조(장학생 관리실적 평가) 교육원장은 수학기관에 대하여 장학생 관리실적을 평가하고,\n그 결과를 수학대학 선정 및 장학생 인원 배정 등에 반영할 수 있다.\n부 칙\n이 지침은 2019. 6. 20.부터 시행한다.\n이 지침은 2020. 6. 22.부터 시행하며, 장학 기간 중인 장학생 전체에 적용된다.', '증빙서류 1부를 갖추어 수학기관장에게 재입국 신고를 하여야 한다.\n②수학기관장은 매학기 방학 전 일시출국신청서를 수합하여 승인 처리하고, 방학\n종료 후 출입국증빙서류를 확인하여 무단출국 및 출국허용기간 미준수 등 학사지침\n위반자에 대해 교육원장에게 보고하여야 한다.\n제17조(귀국 신고) ①장학 기간이 종료되거나 부득이한 사유로 중도 포기하고 귀국하려는\n장학생은 소속 수학기관에 귀국 신고를 하여야 하며, 수학기관장은 해당 사실을 장학\n기간 종료 또는 귀국 30일 전까지 교육원장에게 보고하여야 한다.\n②학위과정 장학생이 장학 기간 이내에 학위를 취득하지 못하여 학위취득을 목적으로\n한국 내에 체류할 경우, 전문학사․학사․석사 학위과정은 12개월까지, 박사 학위과정은\n24개월까지 귀국 신고를 연기할 수 있으며, 수학대학장은 장학 기간 종료 30일 전까지\n장학생의 귀국 연기 상황을 교육원장에게 보고하여야 한다.\n제18조(경고) 다음 각 호의 어느 하나에 해당하는 경우, 교육원장은 해당 장학생을 경고\n조치한다.\n1. 한국어연수 기간 중 무단결석일이 연속하여 3일 이상이거나 월 누계 5일 이상인 경우\n이 경우 출결의 세부기준(지각, 조퇴, 결석의 환산 기준 등)은 한국어연수기관 내부 규\n정에 따라 적용할 수 있다.\n2. 학기 단위 평점평균(백분위 환산점수)이 기준 점수 미만인 경우(전문학사․학사과정\n70점/100점, 석․박사 과정 80점/100점)\n3. 무단으로 일시출국하거나, 허가 기간 내 입국하지 않는 경우. 다만, 위반 사유가\n부득이하다고 교육원장이 인정하는 경우에는 예외로 할 수 있다.\n4. 제24조제2항의 시간제 취업 허용 범위를 위반한 경우\n5. 이외에 정부초청 외국인 장학생 징계위원회(이하 ‘징계위원회’라 한다)에서 경고\n조치가 필요하다고 인정하는 경우\n제19조(장학생 자격상실) 다음 각 호의 어느 하나에 해당하는 경우, 교육원장은 해당 장학\n생을 자격상실 처분한다.\n1. 수학기관으로부터 제적 처분을 받은 경우', '4. 제24조제2항의 시간제 취업 허용 범위를 위반한 경우\n5. 이외에 정부초청 외국인 장학생 징계위원회(이하 ‘징계위원회’라 한다)에서 경고\n조치가 필요하다고 인정하는 경우\n제19조(장학생 자격상실) 다음 각 호의 어느 하나에 해당하는 경우, 교육원장은 해당 장학\n생을 자격상실 처분한다.\n1. 수학기관으로부터 제적 처분을 받은 경우\n2. 제5조 한국어연수과정 이수 후 수학대학에 진학하지 못한 경우\n- 6 -']","유학생이 성적 경고를 받은 경우, 인턴 활동이 허용되기 위해서는 다음 각 조건을 모두 충족해야 합니다:

1. 성적 경고를 1회만 받은 경우
2. 직전 학기 성적 평점평균(백분위 환산점수)이 학사 및 전문학사 과정 80/100 이상, 석사 및 박사 과정 85/100 이상을 충족한 경우
3. 수학대학장이 학업 지속 가능성을 인정한 경우

이 세 가지 조건을 모두 만족해야 인턴 활동이 예외적으로 허용됩니다.","성적 경고를 1회만 받은 경우, 직전 학기 성적 평점평균이 학사 및 전문학사 과정 80/100 이상, 석사 및 박사 과정 85/100 이상을 충족하고, 수학대학장이 학업 지속 가능성을 인정한 경우에 인턴 활동이 허용됩니다.",1.0,0.4598079454788109,0.9999999999666667,1.0
정부초청 외국인 장학생으로 선발되기 위한 조건은 무엇인가요?,"[""붙임 2 정부초청 외국인 장학생 학사 운영 지침(국문, 영문)\n정부초청 외국인 장학생 학사 운영 지침\n개정 2026. 3. 1.\n제1조(목적) 이 지침은 정부초청 외국인 장학생(이하 '장학생'이라 한다)의 건전한 면학과\n유학 생활의 내실화를 위해 필요한 사항을 정함을 목적으로 한다.\n제2조(정의) 이 지침에서 사용하는 용어의 뜻은 다음과 같다.\n1. “정부초청 외국인 장학생”(이하 “장학생”이라 한다)이란 국립국제교육원(이하\n“교육원”이라 한다)이 수행하는 정부초청 외국인 장학사업(Global Korea\nScholarship, GKS) 및 이에 준하는 장학사업에 선발된 외국인 유학생을 말한다.\n2. “수학기관”이란 장학생이 소속되어 학업 또는 연수를 수행하는 대학 또는 한국\n어연수기관을 말한다.\n3. “수학대학”이란 장학생이 소속되어 학업을 수행하는 대학을 말한다.\n4. “수학기관장”이란 수학기관의 장을 말한다.\n5. “수학대학장”이란 수학대학의 장을 말한다.\n6. “학위과정”이란 대학의 학칙에 따라 학위를 수여하는 교육과정을 말한다.\n7. “한국어연수과정”이란 대학 또는 한국어연수기관에서 운영하는 한국어 교육과\n정을 말한다.\n8. “공동학위”란 국내․외 대학이 공동으로 운영하는 교육과정을 이수하고 각 대학\n의 학위취득에 필요한 요건을 충족한 자에게 양 대학 공동명의로 학위를 수여하는\n것을 말한다.\n9. “복수학위”란 국내․외 대학에서 각각 또는 공동으로 운영하는 교육과정을 이수\n하고 각 대학의 학위취득에 필요한 요건을 충족한 자에게 양 대학이 각자의 명의로\n학위를 수여하는 것을 말한다.\n- 1 -\n\n[Tables]"", '4. 제24조제2항의 시간제 취업 허용 범위를 위반한 경우\n5. 이외에 정부초청 외국인 장학생 징계위원회(이하 ‘징계위원회’라 한다)에서 경고\n조치가 필요하다고 인정하는 경우\n제19조(장학생 자격상실) 다음 각 호의 어느 하나에 해당하는 경우, 교육원장은 해당 장학\n생을 자격상실 처분한다.\n1. 수학기관으로부터 제적 처분을 받은 경우\n2. 제5조 한국어연수과정 이수 후 수학대학에 진학하지 못한 경우\n- 6 -', '증빙서류 1부를 갖추어 수학기관장에게 재입국 신고를 하여야 한다.\n②수학기관장은 매학기 방학 전 일시출국신청서를 수합하여 승인 처리하고, 방학\n종료 후 출입국증빙서류를 확인하여 무단출국 및 출국허용기간 미준수 등 학사지침\n위반자에 대해 교육원장에게 보고하여야 한다.\n제17조(귀국 신고) ①장학 기간이 종료되거나 부득이한 사유로 중도 포기하고 귀국하려는\n장학생은 소속 수학기관에 귀국 신고를 하여야 하며, 수학기관장은 해당 사실을 장학\n기간 종료 또는 귀국 30일 전까지 교육원장에게 보고하여야 한다.\n②학위과정 장학생이 장학 기간 이내에 학위를 취득하지 못하여 학위취득을 목적으로\n한국 내에 체류할 경우, 전문학사․학사․석사 학위과정은 12개월까지, 박사 학위과정은\n24개월까지 귀국 신고를 연기할 수 있으며, 수학대학장은 장학 기간 종료 30일 전까지\n장학생의 귀국 연기 상황을 교육원장에게 보고하여야 한다.\n제18조(경고) 다음 각 호의 어느 하나에 해당하는 경우, 교육원장은 해당 장학생을 경고\n조치한다.\n1. 한국어연수 기간 중 무단결석일이 연속하여 3일 이상이거나 월 누계 5일 이상인 경우\n이 경우 출결의 세부기준(지각, 조퇴, 결석의 환산 기준 등)은 한국어연수기관 내부 규\n정에 따라 적용할 수 있다.\n2. 학기 단위 평점평균(백분위 환산점수)이 기준 점수 미만인 경우(전문학사․학사과정\n70점/100점, 석․박사 과정 80점/100점)\n3. 무단으로 일시출국하거나, 허가 기간 내 입국하지 않는 경우. 다만, 위반 사유가\n부득이하다고 교육원장이 인정하는 경우에는 예외로 할 수 있다.\n4. 제24조제2항의 시간제 취업 허용 범위를 위반한 경우\n5. 이외에 정부초청 외국인 장학생 징계위원회(이하 ‘징계위원회’라 한다)에서 경고\n조치가 필요하다고 인정하는 경우\n제19조(장학생 자격상실) 다음 각 호의 어느 하나에 해당하는 경우, 교육원장은 해당 장학\n생을 자격상실 처분한다.\n1. 수학기관으로부터 제적 처분을 받은 경우']","정부초청 외국인 장학생으로 선발되기 위한 조건은 구체적으로 명시되어 있지 않지만, 일반적으로 다음과 같은 조건들이 포함될 수 있습니다:

1. **학업 성적**: 장학생으로 선발되기 위해서는 일정 수준 이상의 학업 성적이 요구될 수 있습니다.
2. **한국어 능력**: 한국어 연수 과정을 이수해야 하며, 이에 대한 능력이 필요할 수 있습니다.
3. **수학기관의 추천**: 장학생으로 선발되기 위해서는 소속 수학기관의 추천이 필요할 수 있습니다.
4. **기타 요건**: 정부초청 외국인 장학사업에 따른 기타 요건이나 조건이 있을 수 있습니다.

정확한 조건은 해당 장학사업의 공고문이나 안내서를 참조해야 합니다.","정부초청 외국인 장학생으로 선발되기 위해서는 국립국제교육원이 수행하는 정부초청 외국인 장학사업(Global Korea Scholarship, GKS) 및 이에 준하는 장학사업에 지원해야 하며, 해당 조건을 충족해야 합니다.",0.5714285714285714,0.0,0.8333333332916666,1.0
유학생이 학업을 중단할 경우 어떤 사유로 징계를 받을 수 있나요?,"['할 수 있다.\n1. 징계 처분을 하기에 사유가 경미하다고 판단하는 경우\n2. 불가피한 사유 등의 정상 참작의 여지가 있는 경우\n제21조(형사사건 기소 사실 신고 등) ①장학생은 형사사건으로 기소된 경우 이를 즉시\n수학기관에 신고하여야 하며, 교육원장은 신고하지 않은 장학생을 제20조에 따라 징\n계할 수 있다.\n②수학기관장은 장학생의 형사사건 기소 사실을 알게 된 경우 즉시 교육원장에게\n보고하여야 한다.\n③교육원장은 장학생이 형사사건으로 기소된 경우 장학금 지급을 유보할 수 있다.\n④교육원장은 장학생이 유죄 판결을 선고받은 경우 장학생에게 제19조제10호에 따라\n자격상실 처분하거나, 제20조에 따라 징계위원회에 의결을 요구할 수 있다.\n⑤교육원장은 장학생이 유죄 판결을 선고받은 경우 장학금 지급을 중단하고 장학금을 환수\n할 수 있다. 이 경우 장학금 환수 대상 기간, 항목, 금액 등은 징계위원회에서 결정한다.\n제22조(장학금 지급 및 수령) ①장학금 지급 및 수령에 관한 사항은 장학금 지침에 따\n른다.\n②교육원장은 학업성적이 우수한 장학생에게 별도로 장학금을 지급할 수 있다.\n③장학생의 월 중 국내체류기간이 15일 이상인 경우 1개월로 하여 학업장려금 전액을\n지급하고, 15일 미만인 경우 국내체류 일수만큼 일할계산하여 지급한다. 다만, 학위과\n정 장학생은 장학금 지침 제22조제6항의 경우를 제외하고 학기당 일시출국 일수 30\n일을 국내에 체류한 날로 간주한다.\n④제12조의 휴학 기간에는 학업장려금을 지급하지 않는다. 다만, 수학기관장이 장학\n생의 부득이한 국내 체류로 학업장려금 지급이 불가피함을 신청하여 교육원장이\n인정하면 지급할 수 있다.\n⑤외국대학과의 공동학위 등을 운영하는 경우, 외국대학에서 수학하는 기간의 장학\n금은 지급하지 아니한다. 다만 국내 대학에 납부하는 등록금은 지급한다.\n⑥제19조에 따라 장학생 자격이 상실되면 해당 장학생에게 장학금을 지급하지 않는다.\n다만, 본인의 의사에 의하지 않은 중도 포기 등의 사유로 교육원장이 인정하는 경우\n- 8 -', '3. 수학기관이 정한 등록 기간 내에 등록하지 않는 경우\n4. 수학기관이 정한 학기 시작일 이후 정당한 사유 없이 입국하지 않는 경우\n5. 휴학 기간 종료 후 정당한 사유 없이 복학원서를 제출하지 않은 경우\n6. 제12조제3항에 명시된 휴학 기간을 초과한 경우\n7. 외국대학과의 학점 교류 등의 목적으로 출신국 또는 제3국으로 출국한 경우\n다만, 다음 각 목의 어느 하나에 해당하는 경우는 제외한다.\n가. 외국대학과의 공동학위 등을 운영하는 경우\n나. 수학대학의 교육과정에 근거하여 방학 기간 중 운영되는 외국대학 학점 교류의 경우\n8. 제15조 각호의 기준에 따른 일시출국 최대허용기간을 초과한 경우. 다만, 교육원장이\n그 행위에 부득이한 사유가 있다고 인정하는 경우는 예외로 한다.\n9. 제18조에 따른 경고를 3회 이상 받은 경우\n10. 성범죄로 벌금 이상의 형 또는 기소유예 처분을 받거나, 그 외 범죄로 300만원을\n초과하는 벌금형 또는 금고 이상의 형이 확정된 경우\n11. 사망, 정신적․신체적 무능력, 연락두절, 체류기간 종료, 출국 명령 등으로 더 이상\n학업을 수행할 수 없다고 교육원장이 인정하는 경우\n12. 장학을 중도 포기한 경우\n13. 이 외에 징계위원회에서 자격상실 처분의 의결을 받은 경우\n제20조(징계) ①징계는 ‘정부초청외국인 장학생 상벌 규정’에 따라 징계위원회 의결을\n거쳐 장학금 일시정지, 자격상실 처분을 말한다.\n②교육원장은 다음 각호의 어느 하나에 해당하는 경우 징계할 수 있다.\n1. 정치활동을 하거나, 대한민국의 명예와 국익을 실추시킨 경우\n2. 절도, 폭력, 성폭행(성희롱, 성추행 포함), 폭언 등 타인에게 해를 가한 경우\n3. 법령을 위반한 경우\n4. 각종 서류가 허위로 작성되었거나 사실과 다른 것으로 드러난 경우\n5. 교육원에 서약한 사항을 위반한 경우\n6. 이 외에 장학생의 본분에 어긋난 행위를 한 경우\n③교육원장은 다음 각호에 해당하는 경우 징계위원회의 의결을 거쳐 경고 등을 조치\n- 7 -\n\n[Tables]', '4. 제24조제2항의 시간제 취업 허용 범위를 위반한 경우\n5. 이외에 정부초청 외국인 장학생 징계위원회(이하 ‘징계위원회’라 한다)에서 경고\n조치가 필요하다고 인정하는 경우\n제19조(장학생 자격상실) 다음 각 호의 어느 하나에 해당하는 경우, 교육원장은 해당 장학\n생을 자격상실 처분한다.\n1. 수학기관으로부터 제적 처분을 받은 경우\n2. 제5조 한국어연수과정 이수 후 수학대학에 진학하지 못한 경우\n- 6 -']","유학생이 학업을 중단할 경우 징계를 받을 수 있는 사유는 다음과 같습니다:

1. 수학기관이 정한 등록 기간 내에 등록하지 않는 경우
2. 수학기관이 정한 학기 시작일 이후 정당한 사유 없이 입국하지 않는 경우
3. 휴학 기간 종료 후 정당한 사유 없이 복학원서를 제출하지 않은 경우
4. 제12조제3항에 명시된 휴학 기간을 초과한 경우
5. 외국대학과의 학점 교류 등의 목적으로 출신국 또는 제3국으로 출국한 경우 (단, 외국대학과의 공동학위 운영이나 방학 기간 중 학점 교류의 경우는 제외)
6. 제15조 각호의 기준에 따른 일시출국 최대허용기간을 초과한 경우 (단, 교육원장이 부득이한 사유가 있다고 인정하는 경우는 예외)
7. 성범죄로 벌금 이상의 형 또는 기소유예 처분을 받거나, 그 외 범죄로 300만원을 초과하는 벌금형 또는 금고 이상의 형이 확정된 경우
8. 사망, 정신적․신체적 무능력, 연락두절, 체류기간 종료, 출국 명령 등으로 더 이상 학업을 수행할 수 없다고 교육원장이 인정하는 경우
9. 장학을 중도 포기한 경우

이 외에도 징계위원회에서 자격상실 처분의 의결을 받은 경우에도 징계를 받을 수 있습니다.","유학생은 정당한 사유 없이 등록 기간 내에 등록하지 않거나, 학기 시작일 이후 입국하지 않거나, 휴학 기간 종료 후 복학원서를 제출하지 않는 경우, 또는 성범죄로 벌금 이상의 형을 받는 경우 등 여러 사유로 징계를 받을 수 있습니다.",1.0,0.49132607594347183,0.9999999999666667,1.0
유학생이 귀국 신고를 하려면 어떤 절차를 따라야 하나요?,"['증빙서류 1부를 갖추어 수학기관장에게 재입국 신고를 하여야 한다.\n②수학기관장은 매학기 방학 전 일시출국신청서를 수합하여 승인 처리하고, 방학\n종료 후 출입국증빙서류를 확인하여 무단출국 및 출국허용기간 미준수 등 학사지침\n위반자에 대해 교육원장에게 보고하여야 한다.\n제17조(귀국 신고) ①장학 기간이 종료되거나 부득이한 사유로 중도 포기하고 귀국하려는\n장학생은 소속 수학기관에 귀국 신고를 하여야 하며, 수학기관장은 해당 사실을 장학\n기간 종료 또는 귀국 30일 전까지 교육원장에게 보고하여야 한다.\n②학위과정 장학생이 장학 기간 이내에 학위를 취득하지 못하여 학위취득을 목적으로\n한국 내에 체류할 경우, 전문학사․학사․석사 학위과정은 12개월까지, 박사 학위과정은\n24개월까지 귀국 신고를 연기할 수 있으며, 수학대학장은 장학 기간 종료 30일 전까지\n장학생의 귀국 연기 상황을 교육원장에게 보고하여야 한다.\n제18조(경고) 다음 각 호의 어느 하나에 해당하는 경우, 교육원장은 해당 장학생을 경고\n조치한다.\n1. 한국어연수 기간 중 무단결석일이 연속하여 3일 이상이거나 월 누계 5일 이상인 경우\n이 경우 출결의 세부기준(지각, 조퇴, 결석의 환산 기준 등)은 한국어연수기관 내부 규\n정에 따라 적용할 수 있다.\n2. 학기 단위 평점평균(백분위 환산점수)이 기준 점수 미만인 경우(전문학사․학사과정\n70점/100점, 석․박사 과정 80점/100점)\n3. 무단으로 일시출국하거나, 허가 기간 내 입국하지 않는 경우. 다만, 위반 사유가\n부득이하다고 교육원장이 인정하는 경우에는 예외로 할 수 있다.\n4. 제24조제2항의 시간제 취업 허용 범위를 위반한 경우\n5. 이외에 정부초청 외국인 장학생 징계위원회(이하 ‘징계위원회’라 한다)에서 경고\n조치가 필요하다고 인정하는 경우\n제19조(장학생 자격상실) 다음 각 호의 어느 하나에 해당하는 경우, 교육원장은 해당 장학\n생을 자격상실 처분한다.\n1. 수학기관으로부터 제적 처분을 받은 경우', '에는 귀국 지원을 할 수 있다.\n⑦다음 각호의 어느 하나에 해당하는 경우에는 귀국 항공료를 지급하지 않는다.\n1. 수학종료보고서를 제출하지 않는 경우\n2. 장학 기간 내 학위취득을 하지 못한 경우\n3. 장학 기간 이후에도 한국에 체류하는 경우\n⑧학위과정 장학생이 최초 수학 시작 후 3개월 이내에 수학을 포기하면 기존에 받은\n장학금의 전부 또는 일부를 반납하여야 한다. 한국어연수과정을 거치는 경우에는\n한국어연수과정 입학 후 3개월 이내로 한다. 다만, 천재지변, 본국의 소환, 중대한 질병\n등 교육원장이 인정하는 부득이한 사유에는 예외로 한다.\n제23조(준용규정) 본 지침에 규정된 이외의 학사에 관한 사항은 장학생의 소속 수학기\n관의 학칙을 준용한다.\n제24조(장학생 관리·점검) ①교육원장은 수시 또는 정기적으로 수학기관의 장학생 관리\n실태를 점검할 수 있으며 수학기관은 관리 서류 제출 등에 적극적으로 협조하여야 한다.\n②수학기관장은 장학생이 건전한 면학과 내실있는 유학생활을 할 수 있도록 시간제 취\n업을 관리하여야 한다. 장학생은 법무부 등이 정하는 시간제 취업 허가 요건을 충족하고,\n다음 각 호의 기준을 준수하여야 한다.\n1. 장학생은 전공과목 수학에 정진하는 것을 최우선으로 한다.\n2. 한국어연수과정 장학생은 한국어연수과정 6개월 경과 후, 한국어연수기관장 확인 및\n법무부의 시간제 취업 사전 허가를 받은 경우에 방학 기간에 한하여 시간제 취업이 가\n능하다. 다만, 수학기관장이 학위과정 진학에 필요하다고 인정한 TOPIK 등급 이상을 충\n족한 장학생은 학기중에도 주당 20시간 이내에서 시간제 취업을 할 수 있다.\n3. 학위과정 장학생의 시간제 취업은 학업 성취도, 출결, 지도교수 의견 등을 종합적으로 고\n려하여, 학업에 중대한 지장이 없는 범위에서 수학대학장이 인정하는 경우 가능하다. 이\n경우 시간제 취업의 범위 및 기준은 법무부 등 관계 기관이 정한 외국인 유학생 시간\n제 취업 허가 기준을 따른다.\n가. 수학대학 내 근로장학생의 경우', '할 수 있다.\n1. 징계 처분을 하기에 사유가 경미하다고 판단하는 경우\n2. 불가피한 사유 등의 정상 참작의 여지가 있는 경우\n제21조(형사사건 기소 사실 신고 등) ①장학생은 형사사건으로 기소된 경우 이를 즉시\n수학기관에 신고하여야 하며, 교육원장은 신고하지 않은 장학생을 제20조에 따라 징\n계할 수 있다.\n②수학기관장은 장학생의 형사사건 기소 사실을 알게 된 경우 즉시 교육원장에게\n보고하여야 한다.\n③교육원장은 장학생이 형사사건으로 기소된 경우 장학금 지급을 유보할 수 있다.\n④교육원장은 장학생이 유죄 판결을 선고받은 경우 장학생에게 제19조제10호에 따라\n자격상실 처분하거나, 제20조에 따라 징계위원회에 의결을 요구할 수 있다.\n⑤교육원장은 장학생이 유죄 판결을 선고받은 경우 장학금 지급을 중단하고 장학금을 환수\n할 수 있다. 이 경우 장학금 환수 대상 기간, 항목, 금액 등은 징계위원회에서 결정한다.\n제22조(장학금 지급 및 수령) ①장학금 지급 및 수령에 관한 사항은 장학금 지침에 따\n른다.\n②교육원장은 학업성적이 우수한 장학생에게 별도로 장학금을 지급할 수 있다.\n③장학생의 월 중 국내체류기간이 15일 이상인 경우 1개월로 하여 학업장려금 전액을\n지급하고, 15일 미만인 경우 국내체류 일수만큼 일할계산하여 지급한다. 다만, 학위과\n정 장학생은 장학금 지침 제22조제6항의 경우를 제외하고 학기당 일시출국 일수 30\n일을 국내에 체류한 날로 간주한다.\n④제12조의 휴학 기간에는 학업장려금을 지급하지 않는다. 다만, 수학기관장이 장학\n생의 부득이한 국내 체류로 학업장려금 지급이 불가피함을 신청하여 교육원장이\n인정하면 지급할 수 있다.\n⑤외국대학과의 공동학위 등을 운영하는 경우, 외국대학에서 수학하는 기간의 장학\n금은 지급하지 아니한다. 다만 국내 대학에 납부하는 등록금은 지급한다.\n⑥제19조에 따라 장학생 자격이 상실되면 해당 장학생에게 장학금을 지급하지 않는다.\n다만, 본인의 의사에 의하지 않은 중도 포기 등의 사유로 교육원장이 인정하는 경우\n- 8 -']","유학생이 귀국 신고를 하려면 다음과 같은 절차를 따라야 합니다:

1. **귀국 신고서 제출**: 장학 기간이 종료되거나 부득이한 사유로 중도 포기하고 귀국하려는 장학생은 소속 수학기관에 귀국 신고를 해야 합니다.

2. **수학기관장 보고**: 수학기관장은 해당 장학생의 귀국 신고 사실을 장학 기간 종료 또는 귀국 30일 전까지 교육원장에게 보고해야 합니다.

3. **귀국 연기 가능성**: 학위과정 장학생이 장학 기간 이내에 학위를 취득하지 못하고 한국 내에 체류할 경우, 전문학사․학사․석사 과정은 12개월, 박사 과정은 24개월까지 귀국 신고를 연기할 수 있으며, 이 경우에도 수학기관장은 장학 기간 종료 30일 전까지 귀국 연기 상황을 교육원장에게 보고해야 합니다.

이러한 절차를 통해 유학생은 귀국 신고를 완료할 수 있습니다.","장학생은 소속 수학기관에 귀국 신고를 하여야 하며, 수학기관장은 해당 사실을 장학 기간 종료 또는 귀국 30일 전까지 교육원장에게 보고해야 합니다.",0.6666666666666666,0.33484386987053877,0.9999999999666667,1.0
유학생이 한국에서 시간제 취업을 하려면 어떤 조건을 충족해야 하나요?,"['3. 학위과정 장학생의 시간제 취업은 학업 성취도, 출결, 지도교수 의견 등을 종합적으로 고\n려하여, 학업에 중대한 지장이 없는 범위에서 수학대학장이 인정하는 경우 가능하다. 이\n경우 시간제 취업의 범위 및 기준은 법무부 등 관계 기관이 정한 외국인 유학생 시간\n제 취업 허가 기준을 따른다.\n가. 수학대학 내 근로장학생의 경우\n나. 학업과 연관된 연구·학술 활동의 경우\n다. 현장 실습학기제 운영에 따른 현장실습에 참여하는 경우\n- 9 -', '에는 귀국 지원을 할 수 있다.\n⑦다음 각호의 어느 하나에 해당하는 경우에는 귀국 항공료를 지급하지 않는다.\n1. 수학종료보고서를 제출하지 않는 경우\n2. 장학 기간 내 학위취득을 하지 못한 경우\n3. 장학 기간 이후에도 한국에 체류하는 경우\n⑧학위과정 장학생이 최초 수학 시작 후 3개월 이내에 수학을 포기하면 기존에 받은\n장학금의 전부 또는 일부를 반납하여야 한다. 한국어연수과정을 거치는 경우에는\n한국어연수과정 입학 후 3개월 이내로 한다. 다만, 천재지변, 본국의 소환, 중대한 질병\n등 교육원장이 인정하는 부득이한 사유에는 예외로 한다.\n제23조(준용규정) 본 지침에 규정된 이외의 학사에 관한 사항은 장학생의 소속 수학기\n관의 학칙을 준용한다.\n제24조(장학생 관리·점검) ①교육원장은 수시 또는 정기적으로 수학기관의 장학생 관리\n실태를 점검할 수 있으며 수학기관은 관리 서류 제출 등에 적극적으로 협조하여야 한다.\n②수학기관장은 장학생이 건전한 면학과 내실있는 유학생활을 할 수 있도록 시간제 취\n업을 관리하여야 한다. 장학생은 법무부 등이 정하는 시간제 취업 허가 요건을 충족하고,\n다음 각 호의 기준을 준수하여야 한다.\n1. 장학생은 전공과목 수학에 정진하는 것을 최우선으로 한다.\n2. 한국어연수과정 장학생은 한국어연수과정 6개월 경과 후, 한국어연수기관장 확인 및\n법무부의 시간제 취업 사전 허가를 받은 경우에 방학 기간에 한하여 시간제 취업이 가\n능하다. 다만, 수학기관장이 학위과정 진학에 필요하다고 인정한 TOPIK 등급 이상을 충\n족한 장학생은 학기중에도 주당 20시간 이내에서 시간제 취업을 할 수 있다.\n3. 학위과정 장학생의 시간제 취업은 학업 성취도, 출결, 지도교수 의견 등을 종합적으로 고\n려하여, 학업에 중대한 지장이 없는 범위에서 수학대학장이 인정하는 경우 가능하다. 이\n경우 시간제 취업의 범위 및 기준은 법무부 등 관계 기관이 정한 외국인 유학생 시간\n제 취업 허가 기준을 따른다.\n가. 수학대학 내 근로장학생의 경우', '학과(부) 변경 등의 절차를 거칠 수 있다.\n제9조(등록) ①장학생은 수학기관이 정한 등록기간 내에 등록하여야 한다.\n②수학기관장은 장학생이 매학기 등록 기한까지 등록을 아니한 경우 교육원장에게\n보고하여야 한다.\n제10조(수학 의무) 장학생은 수학기관의 학칙, 규정 등에 따라 성실히 수강하여야 한다.\n제11조(수학 상황 보고) ①수학기관장은 장학생의 수학 상황을 매학기 종료 후에 다음\n각호와 같이 교육원장에게 보고하여야 한다.\n1. 한국어연수과정 : 성적 및 수료 상황\n2. 학위과정 : 성적, 수료 및 학위 취득 상황\n②특화과정으로 교육원장이 인정하는 외국대학과의 공동학위 및 복수학위(이하 “공동\n학위 등”이라 한다)를 운영하는 수학대학장은 다음 각 호의 사항을 교육원장에게 보고\n하여야 한다.\n1. 매학기 종료 후에 성적, 수료 및 학위 취득 상황. 다만 외국대학에서 공동학위 등\n을 수학하는 기간의 성적은 제외\n2. 학기 개시 1개월 전에 공동학위 등을 운영하는 외국대학의 명칭, 외국대학 체류 학기\n및 체류 기간\n3. 공동학위 등 이수를 위한 출입국일. 출국일은 7일 전까지, 입국일은 7일 이내 보고\n③학위과정 장학생은 최종 수학 완료 시 수학종료보고서 등의 서류를 교육원장에게\n제출하여야 한다.\n제12조(휴학 등) ①한국어연수과정 장학생은 휴학할 수 없으며, 다만 본국의 긴급 소환,\n긴급한 가정 사정, 본인의 중대한 질병 등 부득이한 경우에 한하여 한국어 연수기관의\n규정에 따라 휴학 등을 신청하고 교육원장의 승인을 받아야 한다.\n②학기 시작 전 휴학하고자 하는 학위과정 장학생은 수학대학의 규정에 따라 휴학을\n신청하고 수학대학장의 승인을 받아야 한다.\n③학기 중간에 휴학하고자 하는 학위과정 장학생은 본국의 긴급 소환, 긴급한 가정\n- 4 -\n\n[Tables]']","유학생이 한국에서 시간제 취업을 하려면 다음과 같은 조건을 충족해야 합니다:

1. **학업 성취도, 출결, 지도교수 의견**: 학업에 중대한 지장이 없는 범위에서 수학대학장이 인정해야 합니다.
2. **법무부의 시간제 취업 허가 기준 준수**: 시간제 취업의 범위 및 기준은 법무부 등 관계 기관이 정한 외국인 유학생 시간제 취업 허가 기준을 따라야 합니다.
3. **전공과목 수학 최우선**: 장학생은 전공과목 수학에 정진하는 것을 최우선으로 해야 합니다.
4. **한국어연수과정 장학생의 경우**: 한국어연수과정 6개월 경과 후, 한국어연수기관장 확인 및 법무부의 시간제 취업 사전 허가를 받은 경우에 방학 기간에 한하여 시간제 취업이 가능합니다. 다만, 학기 중에도 주당 20시간 이내에서 시간제 취업이 가능하나, 이는 수학기관장이 학위과정 진학에 필요하다고 인정한 TOPIK 등급 이상을 충족한 경우에 한합니다.

이러한 조건들을 충족해야 유학생이 한국에서 시간제 취업을 할 수 있습니다.","유학생은 법무부 등이 정하는 시간제 취업 허가 요건을 충족해야 하며, 전공과목 수학에 정진하는 것을 최우선으로 해야 합니다. 한국어연수과정 장학생은 6개월 경과 후, 한국어연수기관장 확인 및 법무부의 사전 허가를 받은 경우 방학 기간에 시간제 취업이 가능하고, 학위과정 장학생은 학업 성취도, 출결, 지도교수 의견 등을 고려하여 수학대학장이 인정하는 경우에 한해 시간제 취업이 가능합니다.",1.0,0.4816075288021766,0.99999999995,1.0
What documents are required for international students to submit when applying to the university?,"['| 1 1 | Financial proof (670EURO * 00Months) - Your bank statement issued within 1 month (Original needed). - If you submit parents’ bank statement, please submit your birth or family certification. (Please translate the document if it is not written in English or Korean. And submit a translate verification.) |\n| 1 2 | A visa request letter(reference letter) issued by the Principal of home country university. (Submission of the Incomplete document form is not acceptable) - The principal’s stamp or signature must be included. |\n| 1 3 | Document proving that you are an exchange student. (Submission of the Incomplete document form is not acceptable) 1) Exchange student agreement between the two universities. OR 2) Letter of Acceptance - The exchange program title and name of the home country university and the inviting university in Korea must be included. |', 'Documents proving you have attended university for more than one semester\n- Original and Apostille document should be submitted\n1 *If your country of origin is not among the Apostille Convention countries, please visit the Embassy of your country of origin located in the\n0 country where you are studying/have studied\n*If you have graduated from a Dutch university, you have the option to have your documents apostilled through the official Dutch Apostille\norganization.\nFinancial proof (670EURO * 00Months)\n1 - Your bank statement issued within 1 month (Original needed).\n1 - If you submit parents’ bank statement, please submit your birth or family certification. (Please translate the document if it is not written\nin English or Korean. And submit a translate verification.)\nA visa request letter(reference letter) issued by the Principal of home country university. (Submission of the Incomplete document form is\n1\nnot acceptable)\n2\n- The principal’s stamp or signature must be included.', '| 7. Notes of Document submission A. After the application is completed (payment of the application fee), it is not acceptable to change theapplicationdetails,suchaschangingmajorsorsubmittingadditionaldocuments. B. Allsubmitteddocuments must be attached to the online application site within applicationperiod, anditwillbedisqualifiedifrequireddocumentsarenotattachedorit’sunidentifiabletocheck. ※Documentscannotbesubmittedbymailore-mail C. All requireddocumentstobesubmittedmust be in[Koreanor English].Documents inany other languagesmusthaveanotarizedtranslationinto[KoreanorEnglish]andattached. D. Additional documents may be requested as necessary. The document deemed necessary for application procedure may increase or decrease according to the decision of the Office of InternationalAffairs,Dong-Auniversity. E.Certificateof(expected)Graduation(Applicantsshouldsubmitoneofthefollowingdocuments.) 1)MembersoftheApostilleConvention:SubmitApostilleCertification']","International students applying to the university are required to submit the following documents:

1. **Financial Proof**:
   - A bank statement issued within the last month (original needed).
   - If submitting a parent's bank statement, a birth or family certification must also be provided. Documents not in English or Korean must be translated and include a translation verification.

2. **Visa Request Letter**:
   - A reference letter issued by the Principal of the home country university, which must include the principal’s stamp or signature. Incomplete document forms are not acceptable.

3. **Proof of Exchange Student Status**:
   - Document proving that you are an exchange student, which can be either:
     1) An exchange student agreement between the two universities, or
     2) A Letter of Acceptance that includes the exchange program title and names of both the home country university and the inviting university in Korea.

4. **University Attendance Documentation**:
   - Documents proving that you have attended university for more than one semester, which must be original and apostilled. If your country is not part of the Apostille Convention, you must visit your embassy for certification.

5. **Certificate of (Expected) Graduation**:
   - Applicants should submit one of the following documents:
     - Apostille Certification if from a member of the Apostille Convention.

**Additional Notes**:
- All documents must be submitted in Korean or English. Any documents in other languages must have a notarized translation attached.
- Documents cannot be submitted by mail or email, and all required documents must be attached to the online application site within the application period.
- Changes to application details after submission (such as changing majors or submitting additional documents) are not allowed.","International students need to submit the following documents: 1) Application Form (online), 2) Letter of Education Inquiry Consent, 3) Certificate of (Expected) High School Graduation (with verification), 4) High School Official Academic Transcript (with verification), 5) Certificate of Relationship between the parents and applicant (with identification documents), 6) Passport or home country identification card for both parents and applicant, and 7) Bank Statement (with financial guarantee).",1.0,0.9733339676046244,0.0,0.0
유학생의 온라인 지원 마감일은 언제인가요?,"['| 순번 | 제출서류 |  | 구분 |  | 비고 |\n|  |  |  | 신입 | 편입 |  |\n| 1 | 입학지원서 |  | ● | ● | - 온라인접수후출력 (applydonga.accomsystem.co.kr) |\n| 2 | 자기소개서 |  | ● | ● | (양식1) |\n| 3 | 학력조회동의서 |  | ● | ● | (양식2) |\n| 4 | 고등학교졸업(예정)증명서 |  | ● | ● | - ‘유의사항마.’ 참조 - 아포스티유혹은한국영사확인 |\n| 5 | 고등학교성적증명서 |  | ● | ● | - 유의사항바.’ 참조 - 고등학교전학년성적기재 - 아포스티유혹은한국영사확인 |\n| 6 | 전적대학졸업(예정)증명서 또는 재학증명서 |  |  | ● | - ‘유의사항마.’ 참조 - 아포스티유혹은한국영사확인 - 편입지원자중학사과정재학생은재학증명서, 전문학사졸업(예정)생은졸업(예정)증명서제출 |\n| 7 | 전적대학성적증명서 |  |  | ● | - 유의사항바.’ 참조 - 대학교전과정성적기재 - 아포스티유혹은한국영사확인 |\n| 8 | 부모·학생관계증명서 |  | ● | ● | - 유의사항사.’ 참조 |\n| 9 | 본인및부모의신분증사본 |  | ● | ● | - 국적확인가능한신분증제출 (여권혹은본국신분증) |\n| 10 | 재정능력입증서류(은행잔고증명서) |  | ● | ● | - ‘유의사항아.’ 참조 |\n| 11 | 재정능력입증서류의 주체가본인이아닐시 | 재정보증확인서 | ● | ● | (양식3) |\n|  |  | 재정보증인수입증명서 | ● | ● |  |\n|  |  | 재직증명서 | ● | ● |  |\n| 12 | 어학능력입증서류 |  | ● | ● | - 유효기간내성적만접수가능 (접수마감일기준2년이내취득) |\n| 13 | 여권사본 |  | ● | ● |  |', '[필독] 지원자 유의사항\n1. 지원서 작성시 영문 성명, 생년월일은 반드시 여권과 일치하게\n작성 (성, 이름 순서)\n예시 이름: Hong Gilsoon\n2. 지원서 제출 후 지원 학과 및 전공 변경 불가\n3. 제출한 모든 서류는 원칙적으로 반환하지 않으며, 지원 시 서류 반환\n불가에 동의함으로 간주함. 원본 재발급이 불가능한 서류의 경우,\n정부공인 공증 기관 등을 통한 공증 원본을 제출\n4. 비자 발급을 위해 대사관에서 요청하는 은행잔고증명서 및\n필요서류는 별도로 준비해야함\n5. 원서접수 마감 기간 이후 제출 서류가 미비할 경우 서류 탈락 처리됨.\n문서 미첨부 등의 사고는 지원자 본인에게 책임이 있음\n6. 인터넷 원서 접수 시 연락 가능한 연락처 등 개인정보를 정확하게\n입력해야 하며, 전형에 관한 모든 공지는 본교 국제교류과 홈페이지를\n통해 공지함.\n7. 본 모집요강(지원자 유의 사항)을 반드시 숙지하고 지원해야함\n\n[Tables]\n|  |\n| [필독] 지원자 유의사항 1. 지원서 작성시 영문 성명, 생년월일은 반드시 여권과 일치하게 작성 (성, 이름 순서) 예시 이름: Hong Gilsoon 2. 지원서 제출 후 지원 학과 및 전공 변경 불가 3. 제출한 모든 서류는 원칙적으로 반환하지 않으며, 지원 시 서류 반환 불가에 동의함으로 간주함. 원본 재발급이 불가능한 서류의 경우, 정부공인 공증 기관 등을 통한 공증 원본을 제출 4. 비자 발급을 위해 대사관에서 요청하는 은행잔고증명서 및 필요서류는 별도로 준비해야함 5. 원서접수 마감 기간 이후 제출 서류가 미비할 경우 서류 탈락 처리됨. 문서 미첨부 등의 사고는 지원자 본인에게 책임이 있음 6. 인터넷 원서 접수 시 연락 가능한 연락처 등 개인정보를 정확하게 입력해야 하며, 전형에 관한 모든 공지는 본교 국제교류과 홈페이지를 통해 공지함. 7. 본 모집요강(지원자 유의 사항)을 반드시 숙지하고 지원해야함 |', '[Tables]\n|  |\n| 1. 전형 일정 일정 구분 3차 1차 2차 비고 2026.4.1.(수) ~ 2026.6.15.(월) ~ 2026.7.23(목)~ 온라인지원 모집기간 4.14.(화), 6.21.(일), 7.29.(수), (applydonga.accomsystem.co.kr) 24:00까지 24:00까지 24:00까지 동아 2026.04.14(화) 예정 추후공지예정 국제교류과홈페이지공지 한국어능력평가 2026.5.15.(금) 2026.7.20.(월) 2026.8.14(금) 합격자발표 국제교류과홈페이지공지 14:00예정 14:00 예정 14:00 예정 2026.5.18.(월) 2026.7.21.(화) 2026.8.19.(화) 등록금납부 ~ 5.20.(수) ~ 7.23.(목) ~ 8.20.(수) 합격자별도안내 09:00 ~ 16:00 09:00 ~ 16:00 09:00 ~ 16:00 ※ 3차지원은국내체류자만가능함 ※ 전형일정은사정에따라변동될수있음 ※ 변동사항발생시국제교류과홈페이지공지예정(https://global.donga.ac.kr) 2. 지원 절차 온라인지원: applydonga.accomsystem.co.kr 접속 ↓ 회원가입후동아대학교‘신입학’, ‘편입학’중해당되는과정을클릭 ↓ 유의사항숙지후입학원서작성(필수제출서류전체온라인첨부) ↓ 입학원서최종제출및전형료결제* 전형료결제완료되어야접수완료 ↓ 제출서류적격여부심사 ↓ 서류심사 ↓ 합격자발표 ↓ 등록금납부 ↓ 표준입학허가서발급(학교) 및비자신청(지원자) *등록금납부자및원본서류제출자에한해비자서류를발급함 ↓ 입국및오리엔테이션 - 1 - |\n| 구분 | 일정 |  | 3차 비고 |  |  |\n|  | 1차 | 2차 |  |  |  |']","유학생의 온라인 지원 마감일은 각 전형에 따라 다릅니다. 1차 전형의 마감일은 2026년 4월 14일(화) 24:00, 2차 전형의 마감일은 2026년 6월 21일(일) 24:00, 3차 전형의 마감일은 2026년 7월 29일(수) 24:00입니다.","1차 온라인 지원 마감일은 2026년 4월 14일(화)이며, 2차 온라인 지원 마감일은 2026년 6월 21일(일)입니다.",0.75,0.3569582145567925,0.3333333333,1.0
TOPIK 시험에 대한 지원 금액은 어떻게 되나요?,"['KRW 35,000 out of KRW 55,000 will be supported Partial Support for Test -For TOPIK iBT: KRW 45,000 out of KRW 95,000 will be Application Fee supported TOPIK Scholarship -For TOPIK Speaking Test: KRW 40,000 out of KRW 80,000 will be supported TOPIK(PBT, iBT) level 3 500,000 KRW TOPIK(PBT, iBT) level 4 700,000 KRW TOPIK(PBT, iBT) level 5 500,000 KRW TOPIK(PBT, iBT) level 6 500,000 KRW Those who have acquired TOPIK level 3 (paid only once for A the first time, Only grades submitted within the expiration 500,000KRW TOPIK Scholarship date are accepted) Those who have acquired TOPIK level 4 (paid only once for B the first time, Only grades submitted within the expiration 1,000,000KRW date are accepted) Scholarship for Outstanding Gold 1,500,000 KRW Human Resources in Outstanding students recommended by the supervisor Silver 1,000,000 KRW Science and Technology (Global Advanced Integrated Engineering Only) (GPA Base) Bronze 500,000 KRW', '-For TOPIK PBT: KRW 35,000 out of KRW 55,000 will be\nsupported Partial Support for Test\n-For TOPIK iBT: KRW 45,000 out of KRW 95,000 will be Application Fee\nsupported\nTOPIK Scholarship\n-For TOPIK Speaking Test: KRW 40,000 out of KRW 80,000 will\nbe supported\nTOPIK(PBT, iBT) level 3 500,000 KRW\nTOPIK(PBT, iBT) level 4 700,000 KRW\nTOPIK(PBT, iBT) level 5 500,000 KRW\nTOPIK(PBT, iBT) level 6 500,000 KRW\nThose who have acquired TOPIK level 3 (paid only once for\nA the first time, Only grades submitted within the expiration 500,000KRW\nTOPIK Scholarship date are accepted)\nThose who have acquired TOPIK level 4 (paid only once for\nB the first time, Only grades submitted within the expiration 1,000,000KRW\ndate are accepted)\nScholarship for Outstanding Gold 1,500,000 KRW\nHuman Resources in Outstanding students recommended by the supervisor\nSilver 1,000,000 KRW\nScience and Technology (Global Advanced Integrated Engineering Only)\n(GPA Base) Bronze 500,000 KRW', '| Type |  | Eligibility | Benefits |\n| Work-Study Scholarship |  | On-Campus Administrative Support / Selected according to the criteria of the Office of International Affairs | Approx. 500,000 KRW |\n| TOPIK Scholarship |  | Applicants who submit proof of registration for TOPIK II (Intermediate) –no limit on the number of times the test fee -For TOPIK PBT: KRW 35,000 out of KRW 55,000 will be supported -For TOPIK iBT: KRW 45,000 out of KRW 95,000 will be supported -For TOPIK Speaking Test: KRW 40,000 out of KRW 80,000 will be supported | Partial Support for Test Application Fee |\n|  |  | TOPIK(PBT, iBT) level 3 | 500,000 KRW |\n|  |  | TOPIK(PBT, iBT) level 4 | 700,000 KRW |\n|  |  | TOPIK(PBT, iBT) level 5 | 500,000 KRW |\n|  |  | TOPIK(PBT, iBT) level 6 | 500,000 KRW |\n| TOPIK Scholarship | A | Those who have acquired TOPIK level 3 (paid only once for the first time, Only grades submitted within the expiration date are accepted) | 500,000KRW |']","TOPIK 시험에 대한 지원 금액은 다음과 같습니다:

1. **TOPIK PBT (Paper-Based Test)**:
   - 시험 비용: 55,000 KRW
   - 지원 금액: 35,000 KRW

2. **TOPIK iBT (Internet-Based Test)**:
   - 시험 비용: 95,000 KRW
   - 지원 금액: 45,000 KRW

3. **TOPIK Speaking Test**:
   - 시험 비용: 80,000 KRW
   - 지원 금액: 40,000 KRW

또한, TOPIK 레벨에 따른 장학금 지원도 있습니다:
- TOPIK 레벨 3: 500,000 KRW
- TOPIK 레벨 4: 700,000 KRW
- TOPIK 레벨 5: 500,000 KRW
- TOPIK 레벨 6: 500,000 KRW

이 장학금은 각 레벨을 처음 취득한 경우에 한하여 지급됩니다.","TOPIK PBT 시험은 35,000 KRW 지원되며, TOPIK iBT 시험은 45,000 KRW 지원됩니다. TOPIK Speaking Test는 40,000 KRW 지원됩니다.",1.0,0.750481734479404,0.9999999999666667,1.0
What are the eligibility criteria for the TOPIK Scholarship?,"['| Type |  | Eligibility | Benefits |\n| Work-Study Scholarship |  | On-Campus Administrative Support / Selected according to the criteria of the Office of International Affairs | Approx. 500,000 KRW |\n| TOPIK Scholarship |  | Applicants who submit proof of registration for TOPIK II (Intermediate) –no limit on the number of times the test fee -For TOPIK PBT: KRW 35,000 out of KRW 55,000 will be supported -For TOPIK iBT: KRW 45,000 out of KRW 95,000 will be supported -For TOPIK Speaking Test: KRW 40,000 out of KRW 80,000 will be supported | Partial Support for Test Application Fee |\n|  |  | TOPIK(PBT, iBT) level 3 | 500,000 KRW |\n|  |  | TOPIK(PBT, iBT) level 4 | 700,000 KRW |\n|  |  | TOPIK(PBT, iBT) level 5 | 500,000 KRW |\n|  |  | TOPIK(PBT, iBT) level 6 | 500,000 KRW |\n| TOPIK Scholarship | A | Those who have acquired TOPIK level 3 (paid only once for the first time, Only grades submitted within the expiration date are accepted) | 500,000KRW |', '| TOPIK Scholarship | A | Those who have acquired TOPIK level 3 (paid only once for the first time, Only grades submitted within the expiration date are accepted) | 500,000KRW |\n|  | B | Those who have acquired TOPIK level 4 (paid only once for the first time, Only grades submitted within the expiration date are accepted) | 1,000,000KRW |\n| Scholarship for Outstanding Human Resources in Science and Technology (GPA Base) |  | Outstanding students recommended by the supervisor (Global Advanced Integrated Engineering Only) | Gold 1,500,000 KRW |\n|  |  |  | Silver 1,000,000 KRW |\n|  |  |  | Bronze 500,000 KRW |', '-For TOPIK PBT: KRW 35,000 out of KRW 55,000 will be\nsupported Partial Support for Test\n-For TOPIK iBT: KRW 45,000 out of KRW 95,000 will be Application Fee\nsupported\nTOPIK Scholarship\n-For TOPIK Speaking Test: KRW 40,000 out of KRW 80,000 will\nbe supported\nTOPIK(PBT, iBT) level 3 500,000 KRW\nTOPIK(PBT, iBT) level 4 700,000 KRW\nTOPIK(PBT, iBT) level 5 500,000 KRW\nTOPIK(PBT, iBT) level 6 500,000 KRW\nThose who have acquired TOPIK level 3 (paid only once for\nA the first time, Only grades submitted within the expiration 500,000KRW\nTOPIK Scholarship date are accepted)\nThose who have acquired TOPIK level 4 (paid only once for\nB the first time, Only grades submitted within the expiration 1,000,000KRW\ndate are accepted)\nScholarship for Outstanding Gold 1,500,000 KRW\nHuman Resources in Outstanding students recommended by the supervisor\nSilver 1,000,000 KRW\nScience and Technology (Global Advanced Integrated Engineering Only)\n(GPA Base) Bronze 500,000 KRW']","The eligibility criteria for the TOPIK Scholarship are as follows:

1. **TOPIK Level 3**:
   - Applicants must have acquired TOPIK level 3.
   - The scholarship is paid only once for the first time.
   - Only grades submitted within the expiration date are accepted.
   - Benefit: 500,000 KRW.

2. **TOPIK Level 4**:
   - Applicants must have acquired TOPIK level 4.
   - The scholarship is paid only once for the first time.
   - Only grades submitted within the expiration date are accepted.
   - Benefit: 1,000,000 KRW.

3. **TOPIK Level 5**:
   - Applicants must have acquired TOPIK level 5.
   - The scholarship is paid only once for the first time.
   - Only grades submitted within the expiration date are accepted.
   - Benefit: 500,000 KRW.

4. **TOPIK Level 6**:
   - Applicants must have acquired TOPIK level 6.
   - The scholarship is paid only once for the first time.
   - Only grades submitted within the expiration date are accepted.
   - Benefit: 500,000 KRW.

Additionally, applicants must submit proof of registration for TOPIK II (Intermediate) to be eligible for partial support for the test application fee.",Applicants must submit proof of registration for TOPIK II (Intermediate) and have acquired TOPIK level 3. Only grades submitted within the expiration date are accepted.,1.0,0.9999995522727779,0.9999999999666667,1.0
유학생이 입학하기 위해 필요한 어학 능력 기준은 무엇인가요?,"['[Tables]\n|  |\n| 3. 지원 자격 가. 국적 기준: 부모가 모두 외국인인 외국인 ※복수국적자및무국적자는외국인으로인정하지않음 나. 학력 기준 구분 자격요건 비고 신입학 고교졸업자또는법령에의하여이와동등이상의학력이있다고인정되는자 1)국내4년제대학의1학년또는2학기(계절학기는제외)이상수료자 2)국내(외)2(3)년제전문대학졸업(예정)자 편입학 3) 외국의 4년제 정규대학의 정규교육과정을 1학년(2개 학기) 이상 수료한 자 또는 2학년 졸업학점의 1/4 이상[영국학제의 3년제 대학의 경우 1년(2학기) 이상 수학하고 1)~3)중 졸업학점의1/3이상]취득(예정인)한자 하나이상에 1)국내4년제대학의2학년또는4학기(계절학기는제외)이상수료자 해당되는자 2)국내(외)2(3)년제전문대학졸업(예정)자 편입학 3) 외국의 4년제 정규대학의 정규교육과정을 2학년(4개 학기) 이상 수료한 자 또는 3학년 졸업학점의 1/2 이상[영국학제의 3년제 대학의 경우 2년(4학기) 이상 수학하고 졸업학점의2/3이상]취득(예정인)한자 ※ 해당국법령에의거하여소정의학력이인정되는정규학교과정만을인정함 다. 어학능력 기준 구분 어학능력기준 비고 ※ 토픽2급에상응하는성적소지자의경우, 신입학 토픽2급이상또는이에상응하는성적취득자 입학후1년간소정의한국어교육이수필수 (단, 예체능계열입학자제외) 편입학 토픽3급이상또는이에상응하는성적취득자 ※ 어학성적은원서접수마감일기준2년이내취득한성적만인정 ※ 어학능력은아래[어학능력기준표]에명시된시험또는과정만인정 [어학능력기준표] ※기준성적(TOPIK)및이에상응하는어학성적목록 동아토픽 사회통합프로그램 토픽 동아 세종학당한국어과정 세종한국어평가 구분 (Dong-A (TOPIK) 한국어학당 사전평가 교육과정 (오프라인과정) (SKA) TOPIK) 41점이상 2단계 2급 2급 중급1 수료 초급2 이수 216점이상취득 취득 이수 기준 중급2 이상 61점이상 3단계 3급 3급 중급1 이수 296점이상취득 수료 취득 이수 - 2 - |\n| 구분 | 자격요건 | 비고 |', '3. 지원 자격\n가. 국적 기준: 부모가 모두 외국인인 외국인\n※복수국적자및무국적자는외국인으로인정하지않음\n나. 학력 기준\n구분 자격요건 비고\n신입학 고교졸업자또는법령에의하여이와동등이상의학력이있다고인정되는자\n1)국내4년제대학의1학년또는2학기(계절학기는제외)이상수료자\n2)국내(외)2(3)년제전문대학졸업(예정)자\n편입학\n3) 외국의 4년제 정규대학의 정규교육과정을 1학년(2개 학기) 이상 수료한 자 또는\n2학년\n졸업학점의 1/4 이상[영국학제의 3년제 대학의 경우 1년(2학기) 이상 수학하고\n1)~3)중\n졸업학점의1/3이상]취득(예정인)한자\n하나이상에\n1)국내4년제대학의2학년또는4학기(계절학기는제외)이상수료자\n해당되는자\n2)국내(외)2(3)년제전문대학졸업(예정)자\n편입학\n3) 외국의 4년제 정규대학의 정규교육과정을 2학년(4개 학기) 이상 수료한 자 또는\n3학년\n졸업학점의 1/2 이상[영국학제의 3년제 대학의 경우 2년(4학기) 이상 수학하고\n졸업학점의2/3이상]취득(예정인)한자\n※ 해당국법령에의거하여소정의학력이인정되는정규학교과정만을인정함\n다. 어학능력 기준\n구분 어학능력기준 비고\n※ 토픽2급에상응하는성적소지자의경우,\n신입학 토픽2급이상또는이에상응하는성적취득자 입학후1년간소정의한국어교육이수필수\n(단, 예체능계열입학자제외)\n편입학 토픽3급이상또는이에상응하는성적취득자\n※ 어학성적은원서접수마감일기준2년이내취득한성적만인정\n※ 어학능력은아래[어학능력기준표]에명시된시험또는과정만인정\n[어학능력기준표] ※기준성적(TOPIK)및이에상응하는어학성적목록\n동아토픽 사회통합프로그램\n토픽 동아 세종학당한국어과정 세종한국어평가\n구분 (Dong-A\n(TOPIK) 한국어학당 사전평가 교육과정 (오프라인과정) (SKA)\nTOPIK)\n41점이상 2단계\n2급 2급 중급1 수료 초급2 이수 216점이상취득\n취득 이수\n기준\n중급2 이상 61점이상 3단계\n3급 3급 중급1 이수 296점이상취득\n수료 취득 이수\n- 2 -', '| 구분 | 자격요건 | 비고 |\n| 신입학 | 고교졸업자또는법령에의하여이와동등이상의학력이있다고인정되는자 |  |\n| 편입학 2학년 | 1)국내4년제대학의1학년또는2학기(계절학기는제외)이상수료자 2)국내(외)2(3)년제전문대학졸업(예정)자 3) 외국의 4년제 정규대학의 정규교육과정을 1학년(2개 학기) 이상 수료한 자 또는 졸업학점의 1/4 이상[영국학제의 3년제 대학의 경우 1년(2학기) 이상 수학하고 졸업학점의1/3이상]취득(예정인)한자 | 1)~3)중 하나이상에 해당되는자 |\n| 편입학 3학년 | 1)국내4년제대학의2학년또는4학기(계절학기는제외)이상수료자 2)국내(외)2(3)년제전문대학졸업(예정)자 3) 외국의 4년제 정규대학의 정규교육과정을 2학년(4개 학기) 이상 수료한 자 또는 졸업학점의 1/2 이상[영국학제의 3년제 대학의 경우 2년(4학기) 이상 수학하고 졸업학점의2/3이상]취득(예정인)한자 |  |\n| 구분 | 어학능력기준 | 비고 |\n| 신입학 | 토픽2급이상또는이에상응하는성적취득자 | ※ 토픽2급에상응하는성적소지자의경우, 입학후1년간소정의한국어교육이수필수 (단, 예체능계열입학자제외) |\n| 편입학 | 토픽3급이상또는이에상응하는성적취득자 |  |\n| 구분 | 토픽 (TOPIK) | 동아토픽 (Dong-A TOPIK) | 동아 한국어학당 | 사회통합프로그램 |  | 세종학당한국어과정 (오프라인과정) | 세종한국어평가 (SKA) |\n|  |  |  |  | 사전평가 | 교육과정 |  |  |\n| 기준 | 2급 | 2급 | 중급1 수료 | 41점이상 취득 | 2단계 이수 | 초급2 이수 |  |\n|  | 3급 |  |  |  |  |  |  |']","유학생이 입학하기 위해 필요한 어학 능력 기준은 다음과 같습니다:

1. **신입학**: 
   - 토픽(TOPIK) 2급 이상 또는 이에 상응하는 성적을 취득해야 합니다.
   - 토픽 2급에 상응하는 성적 소지자의 경우, 입학 후 1년간 소정의 한국어 교육 이수가 필수입니다. (단, 예체능 계열 입학자는 제외)

2. **편입학**: 
   - 토픽 3급 이상 또는 이에 상응하는 성적을 취득해야 합니다.

또한, 어학 성적은 원서 접수 마감일 기준으로 2년 이내에 취득한 성적만 인정됩니다.","신입학의 경우 토픽 2급 이상 또는 이에 상응하는 성적을 취득해야 하며, 입학 후 1년간 소정의 한국어 교육 이수가 필수입니다. 편입학의 경우 토픽 3급 이상 또는 이에 상응하는 성적을 취득해야 합니다.",1.0,0.4204757101903519,0.9999999999666667,1.0
유학생이 제출해야 하는 서류는 무엇인가요?,"['| 순번 | 제출서류 |  | 구분 |  | 비고 |\n|  |  |  | 신입 | 편입 |  |\n| 1 | 입학지원서 |  | ● | ● | - 온라인접수후출력 (applydonga.accomsystem.co.kr) |\n| 2 | 자기소개서 |  | ● | ● | (양식1) |\n| 3 | 학력조회동의서 |  | ● | ● | (양식2) |\n| 4 | 고등학교졸업(예정)증명서 |  | ● | ● | - ‘유의사항마.’ 참조 - 아포스티유혹은한국영사확인 |\n| 5 | 고등학교성적증명서 |  | ● | ● | - 유의사항바.’ 참조 - 고등학교전학년성적기재 - 아포스티유혹은한국영사확인 |\n| 6 | 전적대학졸업(예정)증명서 또는 재학증명서 |  |  | ● | - ‘유의사항마.’ 참조 - 아포스티유혹은한국영사확인 - 편입지원자중학사과정재학생은재학증명서, 전문학사졸업(예정)생은졸업(예정)증명서제출 |\n| 7 | 전적대학성적증명서 |  |  | ● | - 유의사항바.’ 참조 - 대학교전과정성적기재 - 아포스티유혹은한국영사확인 |\n| 8 | 부모·학생관계증명서 |  | ● | ● | - 유의사항사.’ 참조 |\n| 9 | 본인및부모의신분증사본 |  | ● | ● | - 국적확인가능한신분증제출 (여권혹은본국신분증) |\n| 10 | 재정능력입증서류(은행잔고증명서) |  | ● | ● | - ‘유의사항아.’ 참조 |\n| 11 | 재정능력입증서류의 주체가본인이아닐시 | 재정보증확인서 | ● | ● | (양식3) |\n|  |  | 재정보증인수입증명서 | ● | ● |  |\n|  |  | 재직증명서 | ● | ● |  |\n| 12 | 어학능력입증서류 |  | ● | ● | - 유효기간내성적만접수가능 (접수마감일기준2년이내취득) |\n| 13 | 여권사본 |  | ● | ● |  |', '6. 제출 서류\n가. 필수 제출 서류\n구분\n순번 제출서류 비고\n신입 편입\n- 온라인접수후출력\n1 입학지원서 ● ●\n(applydonga.accomsystem.co.kr)\n● ●\n2 자기소개서 (양식1)\n3 학력조회동의서 ● ● (양식2)\n- ‘유의사항마.’ 참조\n4 고등학교졸업(예정)증명서 ● ●\n- 아포스티유혹은한국영사확인\n- 유의사항바.’ 참조\n5 고등학교성적증명서 ● ● - 고등학교전학년성적기재\n- 아포스티유혹은한국영사확인\n- ‘유의사항마.’ 참조\n전적대학졸업(예정)증명서 또는 - 아포스티유혹은한국영사확인\n6 ●\n재학증명서 - 편입지원자중학사과정재학생은재학증명서,\n전문학사졸업(예정)생은졸업(예정)증명서제출\n- 유의사항바.’ 참조\n7 전적대학성적증명서 ● - 대학교전과정성적기재\n- 아포스티유혹은한국영사확인\n8 부모·학생관계증명서 ● ● - 유의사항사.’ 참조\n- 국적확인가능한신분증제출\n9 본인및부모의신분증사본 ● ●\n(여권혹은본국신분증)\n10 재정능력입증서류(은행잔고증명서) ● ● - ‘유의사항아.’ 참조\n재정보증확인서 ● ● (양식3)\n재정능력입증서류의\n11 재정보증인수입증명서 ● ●\n주체가본인이아닐시\n재직증명서 ● ●\n- 유효기간내성적만접수가능\n12 어학능력입증서류 ● ●\n(접수마감일기준2년이내취득)\n13 여권사본 ● ●\n※ 양식별첨\n※ 원서접수기간내필수제출서류를전체스캔하여원서접수사이트에업로드\n※ 업로드시, 항목당파일한개로통합하여제출(PDF, JPG, PNG파일형식)\n※제출서류중[한국어또는영어]외의다른언어로된서류는한국어또는영어로번역공증을받아제출\n- 9 -', '[Tables]\n|  |\n| 6. 제출 서류 가. 필수 제출 서류 구분 순번 제출서류 비고 신입 편입 - 온라인접수후출력 1 입학지원서 ● ● (applydonga.accomsystem.co.kr) ● ● 2 자기소개서 (양식1) 3 학력조회동의서 ● ● (양식2) - ‘유의사항마.’ 참조 4 고등학교졸업(예정)증명서 ● ● - 아포스티유혹은한국영사확인 - 유의사항바.’ 참조 5 고등학교성적증명서 ● ● - 고등학교전학년성적기재 - 아포스티유혹은한국영사확인 - ‘유의사항마.’ 참조 전적대학졸업(예정)증명서 또는 - 아포스티유혹은한국영사확인 6 ● 재학증명서 - 편입지원자중학사과정재학생은재학증명서, 전문학사졸업(예정)생은졸업(예정)증명서제출 - 유의사항바.’ 참조 7 전적대학성적증명서 ● - 대학교전과정성적기재 - 아포스티유혹은한국영사확인 8 부모·학생관계증명서 ● ● - 유의사항사.’ 참조 - 국적확인가능한신분증제출 9 본인및부모의신분증사본 ● ● (여권혹은본국신분증) 10 재정능력입증서류(은행잔고증명서) ● ● - ‘유의사항아.’ 참조 재정보증확인서 ● ● (양식3) 재정능력입증서류의 11 재정보증인수입증명서 ● ● 주체가본인이아닐시 재직증명서 ● ● - 유효기간내성적만접수가능 12 어학능력입증서류 ● ● (접수마감일기준2년이내취득) 13 여권사본 ● ● ※ 양식별첨 ※ 원서접수기간내필수제출서류를전체스캔하여원서접수사이트에업로드 ※ 업로드시, 항목당파일한개로통합하여제출(PDF, JPG, PNG파일형식) ※제출서류중[한국어또는영어]외의다른언어로된서류는한국어또는영어로번역공증을받아제출 - 9 - |\n| 순번 | 제출서류 |  | 구분 |  | 비고 |\n|  |  |  | 신입 | 편입 |  |\n| 1 | 입학지원서 |  | ● | ● | - 온라인접수후출력 (applydonga.accomsystem.co.kr) |\n| 2 | 자기소개서 |  | ● | ● | (양식1) |\n| 3 | 학력조회동의서 |  | ● | ● | (양식2) |']","유학생이 제출해야 하는 서류는 다음과 같습니다:

1. 입학지원서 (온라인 접수 후 출력)
2. 자기소개서 (양식1)
3. 학력조회동의서 (양식2)
4. 고등학교 졸업(예정) 증명서
5. 고등학교 성적증명서
6. 부모·학생 관계증명서
7. 본인 및 부모의 신분증 사본 (여권 혹은 본국 신분증)
8. 재정능력 입증서류 (은행 잔고 증명서)
9. 어학능력 입증서류 (유효기간 내 성적만 접수 가능)
10. 여권 사본

편입학 지원자의 경우 추가로 전적 대학 졸업(예정) 증명서 또는 재학증명서와 전적 대학 성적증명서도 제출해야 합니다. 모든 서류는 한국어 또는 영어로 번역 공증을 받아 제출해야 하며, 원서 접수 기간 내에 전체 스캔하여 원서 접수 사이트에 업로드해야 합니다.","유학생은 출신 고등학교 관련 자료, 교내 활동 자료, 표준 학력 시험 결과를 제출해야 합니다. 제출 서류는 한국어 또는 영어로 번역 공증을 받아야 하며, 자기소개서 및 추천서는 제출할 수 없습니다.",0.9375,0.4824705650218318,0.9999999999666667,0.0
이 대학에서 제공하는 공학 전공은 어떤 것들이 있나요?,"['|  |  |  | 기계공학과 |  |\n|  |  |  | 산업경영공학과 |  |\n|  |  |  | 조선해양공학과 |  |\n|  |  |  | 화학공학과 |  |\n|  |  |  | 신소재공학과 |  |\n| 디자인 환경대학 | 자연 | 승학 | 건축학과1) | 건축학(5년제) |\n|  |  |  |  | 실내건축디자인(4년제) |\n|  | 예체능 |  | 산업디자인학과 | 시각미디어디자인 |\n|  |  |  |  | 제품스페이스디자인 |\n|  | 자연 |  | 패션디자인학과 |  |\n|  |  |  | 조경학과 |  |\n| 예술체육대학 | 예체능 | 승학 | 미술학과 | 현대미술전공 |\n|  |  |  |  | 영상예술전공2) |\n|  |  |  |  | 목조형가구전공 |\n|  |  |  |  | 도자예술전공 |\n|  |  |  | 음악학과 | -클래식음악(피아노/관현악/성악) -실용음악(연주/보컬/실용작곡) |\n|  |  |  | 체육학과 |  |\n|  |  |  | 태권도학과 |  |\n| 건강과학대학 | 자연 | 승학 | 식품영양학과 |  |\n|  |  |  | 의약생명공학과 |  |\n|  |  |  | 건강관리학과 |  |\n| 국제대학 | 인문 | 부민 | 글로벌비즈니스학과 |  |\n|  |  |  | 영미학과 |  |\n|  |  |  | 중국학과 |  |\n|  |  |  | 일본학과 |  |\n| 소프트웨어대학 | 자연 | 승학 | 컴퓨터공학과 |  |\n|  |  |  | AI학과 |  |', '|  |  |  | 기계공학과 |  |\n|  |  |  | 산업경영공학과 |  |\n|  |  |  | 조선해양공학과 |  |\n|  |  |  | 화학공학과 |  |\n|  |  |  | 신소재공학과 |  |\n| 디자인 환경대학 | 자연 | 승학 | 건축학과1) | 건축학(5년제) |\n|  |  |  |  | 실내건축디자인(4년제) |\n|  | 예체능 |  | 산업디자인학과 | 시각미디어디자인 |\n|  |  |  |  | 제품스페이스디자인 |\n|  | 자연 |  | 패션디자인학과 |  |\n|  |  |  | 조경학과 |  |\n| 예술체육대학 | 예체능 | 승학 | 미술학과 | 현대미술전공 |\n|  |  |  |  | 영상예술전공2) |\n|  |  |  |  | 목조형가구전공 |\n|  |  |  |  | 도자예술전공 |\n|  |  |  | 음악학과 | 클래식음악(피아노/관현악/성악), 실용음악(기악/실용작곡/보컬) |\n|  |  |  | 체육학과 |  |\n|  |  |  | 태권도학과 |  |\n| 건강과학대학 | 자연 | 승학 | 식품영양학과 |  |\n|  |  |  | 의약생명공학과 |  |\n|  |  |  | 건강관리학과 |  |\n| 국제대학 | 인문 | 부민 | 글로벌비즈니스학과 |  |\n|  |  |  | 영미학과 |  |\n|  |  |  | 중국학과 |  |\n|  |  |  | 일본학과 |  |\n| 소프트웨어대학 | 자연 | 승학 | 컴퓨터공학과 |  |\n|  |  |  | AI학과 |  |', ""붙임 2 정부초청 외국인 장학생 학사 운영 지침(국문, 영문)\n정부초청 외국인 장학생 학사 운영 지침\n개정 2026. 3. 1.\n제1조(목적) 이 지침은 정부초청 외국인 장학생(이하 '장학생'이라 한다)의 건전한 면학과\n유학 생활의 내실화를 위해 필요한 사항을 정함을 목적으로 한다.\n제2조(정의) 이 지침에서 사용하는 용어의 뜻은 다음과 같다.\n1. “정부초청 외국인 장학생”(이하 “장학생”이라 한다)이란 국립국제교육원(이하\n“교육원”이라 한다)이 수행하는 정부초청 외국인 장학사업(Global Korea\nScholarship, GKS) 및 이에 준하는 장학사업에 선발된 외국인 유학생을 말한다.\n2. “수학기관”이란 장학생이 소속되어 학업 또는 연수를 수행하는 대학 또는 한국\n어연수기관을 말한다.\n3. “수학대학”이란 장학생이 소속되어 학업을 수행하는 대학을 말한다.\n4. “수학기관장”이란 수학기관의 장을 말한다.\n5. “수학대학장”이란 수학대학의 장을 말한다.\n6. “학위과정”이란 대학의 학칙에 따라 학위를 수여하는 교육과정을 말한다.\n7. “한국어연수과정”이란 대학 또는 한국어연수기관에서 운영하는 한국어 교육과\n정을 말한다.\n8. “공동학위”란 국내․외 대학이 공동으로 운영하는 교육과정을 이수하고 각 대학\n의 학위취득에 필요한 요건을 충족한 자에게 양 대학 공동명의로 학위를 수여하는\n것을 말한다.\n9. “복수학위”란 국내․외 대학에서 각각 또는 공동으로 운영하는 교육과정을 이수\n하고 각 대학의 학위취득에 필요한 요건을 충족한 자에게 양 대학이 각자의 명의로\n학위를 수여하는 것을 말한다.\n- 1 -\n\n[Tables]""]","이 대학에서 제공하는 공학 전공은 다음과 같습니다:

1. 기계공학과
2. 산업경영공학과
3. 조선해양공학과
4. 화학공학과
5. 신소재공학과
6. 컴퓨터공학과
7. AI학과

이 외에도 다양한 전공이 있지만, 위의 전공들은 공학 분야에 해당합니다.","이 대학에서는 건축공학과, 도시공학과, 건설시스템공학과, 전기공학과, 전자공학과, 기계공학과, 산업경영공학과, 조선해양공학과, 화학공학과, 신소재공학과 등의 공학 전공을 제공합니다.",1.0,0.4801918468559423,0.99999999995,1.0
유학생이 입학 후 비자 문제로 인해 입학이 취소될 수 있는 경우는 어떤 경우인가요?,"['9. 지원자 유의사항\n가.지원자는반드시본모집요강의내용을철저히숙지하여원서접수및전형에착오가없도록해야하며,또한본\n대학교가정한소정의전형절차에따라야합니다.지원자의착오및전형절차에따르지않음으로인해발생되는\n불이익(원서접수취소,전공구술고사응시불허,불합격및합격취소등)에 대하여본교에서책임을지지않으며\n전형성적및평가내용은공개하지않습니다.\n나.원서접수기간마감이후지원과정및지원학과는수정이불가하며접수완료후에는지원을취소할수없습니다,\n다.인터넷접수및전형료를 납부하였더라도서류제출마감일까지구비서류 전체혹은일부미제출자는 학과평가를\n거치지않고불합격으로처리합니다.\n라. 합격자는 등록기간 내에 반드시 지정된 장소에 등록금을 납부하여야 하며, 기간 내 등록금을 납부하지 않은 자는\n불합격처리합니다.\n마.본전형에합격하여등록한자는타대학에이중등록할수없습니다.이를위반하면관계법에따라합격및입학이\n취소됩니다.\n바.지원자격에적합한지원자라도수학능력이부족하다고판단될경우,선발하지않을수있습니다.\n사.전형에관한모든공지 사항은본교국제교류과 홈페이지를통해공지합니다.인터넷원서접수 시연락가능한연\n락처와 E-mail주소를정확하게입력하지않거나지원자와연락이되지않아불이익이발생한경우본교는책임을\n지지않습니다.\n아. 다음 사항에 해당하는 경우에는 입학 이후라도 합격 또는 입학을 취소하고 학적을 말소하며 민‧형사상의 책임을\n물을수있습니다.입학이 취소되는경우해당자가 납부한 등록금은반환하지않습니다.또한본교 및타 대학교에\n서아래의사유로합격또는입학이취소된경우,취소된날로부터3년간본대학교에지원할수없습니다.\n∙대리면접등부정한방법으로지원하거나이에협조하여공정한학생선발업무를방해한경우\n∙입학사정에사용된전형자료에주요사항이누락되거나서류허위작성,위·변조등부정이있다고판단되는경우\n자.기타전형에관한모든심의및평가에따른사항은본대학교에서결정합니다.\n차.본전형에합격한후비자취득및변경에문제가없어야합니다.학업을위한비자취득및변경을하지못할경우,\n본교에서입학허가를취소할수있습니다.\n카.입학후첫학기에는휴학불가합니다.', 'cases, we can cancel your acceptance or admission even after enrollment. If this casesisapplicable,youracademicrecordswillberemovedandthepaidtuitionwillnotberefunded. Also, if our university or another university cancels your admission or registration due to those reasons,youwillnotbeabletoapplytoouruniversityforthreeyearsfromthedateofcancellation. Theapplicantmayhavecivilandcriminalliabilityinthosecases. -Ifyouinterruptedfairstudentselectionbyapplyingfortheadmissionfraudulentlysuchasaproxy intervieworsupportingotherstodoso. - Before, during and after the admission procedures, if there is any problem with the documents’ authenticity,eligibility,examcheating,etc. I.MattersnotspecifiedherewillbedecidedunderthepolicyofDong-Auniversity. J.IfapplicantscannotgetaD-2visaforstudy,Dong-Auniversitycancanceltheadmission. K.Freshmencannottakealeaveofabsencebeforeorduringthefirstsemester. ※Dong-AUniversityhasarightandresponsibilityontheinternationalstudentadmissionandisnot', 'H. In the following cases, we can cancel your acceptance or admission even after enrollment. If this\ncasesisapplicable,youracademicrecordswillberemovedandthepaidtuitionwillnotberefunded.\nAlso, if our university or another university cancels your admission or registration due to those\nreasons,youwillnotbeabletoapplytoouruniversityforthreeyearsfromthedateofcancellation.\nTheapplicantmayhavecivilandcriminalliabilityinthosecases.\n-Ifyouinterruptedfairstudentselectionbyapplyingfortheadmissionfraudulentlysuchasaproxy\nintervieworsupportingotherstodoso.\n- Before, during and after the admission procedures, if there is any problem with the documents’\nauthenticity,eligibility,examcheating,etc.\nI.MattersnotspecifiedherewillbedecidedunderthepolicyofDong-Auniversity.\nJ.IfapplicantscannotgetaD-2visaforstudy,Dong-Auniversitycancanceltheadmission.\nK.Freshmencannottakealeaveofabsencebeforeorduringthefirstsemester.\n※Dong-AUniversityhasarightandresponsibilityontheinternationalstudentadmissionandisnot']","유학생이 입학 후 비자 문제로 인해 입학이 취소될 수 있는 경우는 D-2 비자를 학업을 위해 취득하거나 변경하는 데 문제가 발생할 경우입니다. 만약 비자 취득이나 변경이 이루어지지 않으면, 본교에서 입학 허가를 취소할 수 있습니다.","입학 후 비자 취득 및 변경에 문제가 있어 학업을 위한 비자 취득 및 변경을 하지 못할 경우, 본교에서 입학 허가를 취소할 수 있습니다.",1.0,0.5828571266886035,0.9999999999666667,1.0
유학생이 첫 학기 중에 휴학할 수 있나요?,"['사정, 본인의 중대한 질병 등 부득이한 사유가 있는 경우에 한하여 허용한다. 이 경\n우 장학생은 휴학 신청서와 함께 해당 사유를 증빙하는 자료를 제출하여야 한다.\n④휴학은 학기 단위로 신청하여야 하며, 총 휴학 기간은 1년을 초과할 수 없다.\n다만, 수학기관장이 특별한 사유로 인정하는 경우에는 최대 1년의 범위에서 휴학 기\n간을 추가로 연장할 수 있다.\n⑤수학대학장은 장학생의 휴학 처리 결과를 교육원장에게 보고하여야 한다.\n제13조(복학) ①복학하고자 하는 장학생은 휴학 기간 종료 1개월 전까지 수학기관의\n학칙에 따라 복학 신고를 하여야 한다.\n②수학기관장은 장학생의 복학 처리 결과를 매학기 개시일 2주 전까지 교육원장에게\n보고하여야 한다.\n제14조(비상연락망 유지) 장학생은 체류지, 연락처 등 정보가 변경된 즉시 수학기관에\n신고하여야 하며, 수학기관장은 수학대학의 장학생 및 교육원과의 비상 연락 체계를\n상시 유지하여야 한다.\n제15조(일시출국) ①한국어연수과정 장학생의 일시출국은 다음 각호에 한하여 일시출국\n7일 전까지 일시출국신청서 및 증빙서류를 제출하여 한국어 연수기관장의 승인을\n받아야 한다. 다만 가족사망 등의 이유로 출국이 긴급한 경우에는 일시출국일까지\n신청할 수 있다.\n1. 학기 중에는 본국의 긴급 소환, 직계 가족의 긴급한 가정 사정, 본인의 중대한 질병\n등 특별한 사안이 발생한 경우에 한하여 최대 2주까지 일시출국 허용\n2. 한국어 연수기관장이 정한 방학 기간 범위 내에서 최대 4주까지 일시출국 허용\n②학위과정 장학생의 일시출국은 다음 각호에 한하여 일시출국 7일 전까지 일시출국\n신청서를 제출하여 수학대학장의 승인을 받아야 한다. 다만 가족사망 등의 이유로\n출국이 긴급한 경우에는 일시출국일까지 신청할 수 있다.\n1. 학기 중에는 학업에 지장이 없는 범위 내에서 최대 2주까지 일시출국 허용\n2. 수학대학장이 정한 방학 기간 내에서 일시출국 허용\n제16조(재입국 신고) ①일시출국 기간이 종료되어 재입국한 장학생은 7일 이내에 출입국\n- 5 -', '학과(부) 변경 등의 절차를 거칠 수 있다.\n제9조(등록) ①장학생은 수학기관이 정한 등록기간 내에 등록하여야 한다.\n②수학기관장은 장학생이 매학기 등록 기한까지 등록을 아니한 경우 교육원장에게\n보고하여야 한다.\n제10조(수학 의무) 장학생은 수학기관의 학칙, 규정 등에 따라 성실히 수강하여야 한다.\n제11조(수학 상황 보고) ①수학기관장은 장학생의 수학 상황을 매학기 종료 후에 다음\n각호와 같이 교육원장에게 보고하여야 한다.\n1. 한국어연수과정 : 성적 및 수료 상황\n2. 학위과정 : 성적, 수료 및 학위 취득 상황\n②특화과정으로 교육원장이 인정하는 외국대학과의 공동학위 및 복수학위(이하 “공동\n학위 등”이라 한다)를 운영하는 수학대학장은 다음 각 호의 사항을 교육원장에게 보고\n하여야 한다.\n1. 매학기 종료 후에 성적, 수료 및 학위 취득 상황. 다만 외국대학에서 공동학위 등\n을 수학하는 기간의 성적은 제외\n2. 학기 개시 1개월 전에 공동학위 등을 운영하는 외국대학의 명칭, 외국대학 체류 학기\n및 체류 기간\n3. 공동학위 등 이수를 위한 출입국일. 출국일은 7일 전까지, 입국일은 7일 이내 보고\n③학위과정 장학생은 최종 수학 완료 시 수학종료보고서 등의 서류를 교육원장에게\n제출하여야 한다.\n제12조(휴학 등) ①한국어연수과정 장학생은 휴학할 수 없으며, 다만 본국의 긴급 소환,\n긴급한 가정 사정, 본인의 중대한 질병 등 부득이한 경우에 한하여 한국어 연수기관의\n규정에 따라 휴학 등을 신청하고 교육원장의 승인을 받아야 한다.\n②학기 시작 전 휴학하고자 하는 학위과정 장학생은 수학대학의 규정에 따라 휴학을\n신청하고 수학대학장의 승인을 받아야 한다.\n③학기 중간에 휴학하고자 하는 학위과정 장학생은 본국의 긴급 소환, 긴급한 가정\n- 4 -\n\n[Tables]', '12. 장학금\n가. 신입생 장학금\n1) 외국인 우수신입생 장학금\n구분\n수혜금액 수혜조건\n장학명 자격요건 종류\nA 수업료100% 한국어능력시험(TOPIKPBT, TOPIK iBT) 5급이상소지자\n외국인\nB 수업료60% 한국어능력시험(TOPIKPBT, TOPIK iBT) 4급소지자\n우수신입생\n외국인신(편)입학\n장학금 C 수업료50% 한국어능력시험(TOPIKPBT, TOPIK iBT) 3급소지자\n특별전형합격자\nA,B,C,D,E\nD 수업료40% 동아한국어능력시험(Dong-A TOPIK) 3급이상소지자\n본교입학자격요건을갖춘신(편)입생중,\nE 수업료30%\n외국인우수신입생장학금A,B,C,D에해당되지않는자\n외국인신(편)입학 A 수업료100% 한국어능력시험(TOPIKPBT, TOPIK iBT) 5급이상소지자\nDAU 특별전형합격자중,\n외국인 본교한국어학당을 B 수업료70% 한국어능력시험(TOPIKPBT, TOPIK iBT) 4급소지자\n우수신입생 2개학기이상수료\n장학금 하고최종2개학기 C 수업료60% 한국어능력시험(TOPIKPBT, TOPIK iBT) 3급소지자\nA,B,C,D 출석률이80% 이 본교입학자격요건을갖춘신(편)입생중,\nD 수업료50%\n상인자 DAU 외국인우수신입생장학금A,B,C에해당되지않는자\n※위장학금은입학학기에만적용되며2번째학기부터는재학생장학금기준에따라지급\n※장학금지급기준및지급액은본교장학제도에따라변동될수있음\n2) 외국인 유학생 국가장학금\n구분 수혜기간 수혜금액 수혜조건\n아래학과외국인신입학특별전형합격자중학과추천자\n- 인문과학대학: 역사문화학부, 한국어문학과\n- 자연과학대학: 반도체학과, 바이오메디컬학과\n- 사회과학대학: 미디어커뮤니케이션학과\n- 경영대학: 경영학과, 관광경영학과, 국제무역학과, 경영정보학과\n동아특화분야 - 생명자원과학대학: 식품생명공학과, 스마트그린자원학과\n첫학기\n우수장학금Ⅰ - 공학: 환경에너지공학과-미래에너지공학전공, 전기공학과, 전자공학과,\n기계공학과, 산업경영공학과, 조선해양공학과, 화학공학과, 신소재공학과']","유학생이 첫 학기 중에 휴학할 수 있는 경우는 제한적입니다. 한국어 연수과정 장학생은 휴학할 수 없으며, 다만 본국의 긴급 소환, 긴급한 가정 사정, 본인의 중대한 질병 등 부득이한 경우에 한하여 한국어 연수기관의 규정에 따라 휴학을 신청하고 교육원장의 승인을 받아야 합니다. 학위과정 장학생의 경우, 학기 시작 전에는 수학대학의 규정에 따라 휴학을 신청할 수 있지만, 학기 중에는 본인의 상황에 따라 휴학이 가능하나, 반드시 수학대학장의 승인을 받아야 합니다. 따라서, 유학생이 첫 학기 중에 휴학을 원할 경우, 해당 사유가 인정되어야 하며, 필요한 절차를 따라야 합니다.","아니요, K. Freshmen은 첫 학기 전이나 중에 휴학할 수 없습니다.",1.0,0.0,0.49999999995,1.0
유학생이 졸업증명서를 제출할 때 어떤 서류를 준비해야 하나요?,"['| 순번 | 제출서류 |  | 구분 |  | 비고 |\n|  |  |  | 신입 | 편입 |  |\n| 1 | 입학지원서 |  | ● | ● | - 온라인접수후출력 (applydonga.accomsystem.co.kr) |\n| 2 | 자기소개서 |  | ● | ● | (양식1) |\n| 3 | 학력조회동의서 |  | ● | ● | (양식2) |\n| 4 | 고등학교졸업(예정)증명서 |  | ● | ● | - ‘유의사항마.’ 참조 - 아포스티유혹은한국영사확인 |\n| 5 | 고등학교성적증명서 |  | ● | ● | - 유의사항바.’ 참조 - 고등학교전학년성적기재 - 아포스티유혹은한국영사확인 |\n| 6 | 전적대학졸업(예정)증명서 또는 재학증명서 |  |  | ● | - ‘유의사항마.’ 참조 - 아포스티유혹은한국영사확인 - 편입지원자중학사과정재학생은재학증명서, 전문학사졸업(예정)생은졸업(예정)증명서제출 |\n| 7 | 전적대학성적증명서 |  |  | ● | - 유의사항바.’ 참조 - 대학교전과정성적기재 - 아포스티유혹은한국영사확인 |\n| 8 | 부모·학생관계증명서 |  | ● | ● | - 유의사항사.’ 참조 |\n| 9 | 본인및부모의신분증사본 |  | ● | ● | - 국적확인가능한신분증제출 (여권혹은본국신분증) |\n| 10 | 재정능력입증서류(은행잔고증명서) |  | ● | ● | - ‘유의사항아.’ 참조 |\n| 11 | 재정능력입증서류의 주체가본인이아닐시 | 재정보증확인서 | ● | ● | (양식3) |\n|  |  | 재정보증인수입증명서 | ● | ● |  |\n|  |  | 재직증명서 | ● | ● |  |\n| 12 | 어학능력입증서류 |  | ● | ● | - 유효기간내성적만접수가능 (접수마감일기준2년이내취득) |\n| 13 | 여권사본 |  | ● | ● |  |', '6. 제출 서류\n가. 필수 제출 서류\n구분\n순번 제출서류 비고\n신입 편입\n- 온라인접수후출력\n1 입학지원서 ● ●\n(applydonga.accomsystem.co.kr)\n● ●\n2 자기소개서 (양식1)\n3 학력조회동의서 ● ● (양식2)\n- ‘유의사항마.’ 참조\n4 고등학교졸업(예정)증명서 ● ●\n- 아포스티유혹은한국영사확인\n- 유의사항바.’ 참조\n5 고등학교성적증명서 ● ● - 고등학교전학년성적기재\n- 아포스티유혹은한국영사확인\n- ‘유의사항마.’ 참조\n전적대학졸업(예정)증명서 또는 - 아포스티유혹은한국영사확인\n6 ●\n재학증명서 - 편입지원자중학사과정재학생은재학증명서,\n전문학사졸업(예정)생은졸업(예정)증명서제출\n- 유의사항바.’ 참조\n7 전적대학성적증명서 ● - 대학교전과정성적기재\n- 아포스티유혹은한국영사확인\n8 부모·학생관계증명서 ● ● - 유의사항사.’ 참조\n- 국적확인가능한신분증제출\n9 본인및부모의신분증사본 ● ●\n(여권혹은본국신분증)\n10 재정능력입증서류(은행잔고증명서) ● ● - ‘유의사항아.’ 참조\n재정보증확인서 ● ● (양식3)\n재정능력입증서류의\n11 재정보증인수입증명서 ● ●\n주체가본인이아닐시\n재직증명서 ● ●\n- 유효기간내성적만접수가능\n12 어학능력입증서류 ● ●\n(접수마감일기준2년이내취득)\n13 여권사본 ● ●\n※ 양식별첨\n※ 원서접수기간내필수제출서류를전체스캔하여원서접수사이트에업로드\n※ 업로드시, 항목당파일한개로통합하여제출(PDF, JPG, PNG파일형식)\n※제출서류중[한국어또는영어]외의다른언어로된서류는한국어또는영어로번역공증을받아제출\n- 9 -', '4) 대학입학을위해국가시험합격등이필요한국가는시험합격증등을학력요건입증서류로예외적인정\n국가명 시험명 비고\nCBSE, ICSE, IB 등중앙및지방교육평가기관\n인도 Migration Certificate\n발행\n(발급기관)\n①2016년(네팔달력2073년) 이전\n네팔 학업성적증명서(Academic Transcript) : HSEB(Higher Secondary Education Board)\n②2016년(네팔달력2073년) 이후\n: NEB(National Examination Board)\n대입시험합격증\n미얀마 (Matriculation Examination Pass\nCertificate)\nSPM : SijilPelajaran Malaysia\n말레이시아 학력평가성적표\n또는STPM : SijilTinggi Persekolahan Malaysia\n국가법률이나공적인문서로대학입학을위한자격요건에준하는시험이나자격이규정된경우\n그외 에는학력요건입증서류로인정가능\n※ 단, 신청인이해당국가의법률이나공적문서등에따른자격기준을소명하여야함\n5)졸업예정증명서또는임시졸업증명서에대한예외적인정\n∙공식적인졸업증명서를수개월이상지원발급하는국가의경우,졸업예정증명서또는임시졸업증명서제출가능\n(단.체류기간연장시반드시최종졸업증명서를추가제출하여야함)\n베트남, 미얀마, 네팔, 인도, 말레이시아, 스리랑카, 캄보디아, 이스라엘,\n대상국가\n그외정부기관문서로서고교·대학(원) 졸업증명서지연발급사실이확인가능한국가\n∙대상자:표준입학허가서발급일기준졸업일로부터1년이내인사람\n∙인정서류:졸업예정증명서또는임시졸업증등\n※인적사항,학교명,시험명,수학기간이나졸업(예정)일등이기재되어졸업요건을갖추었음을확인할수있어야함\n※서류발급국가의아포스티유나주재국대한민국공관의영사확인을받아야함\n바.성적증명서\n∙[한국어또는영어]로된성적표의경우원본첨부\n-[한국어또는영어]이외의언어로된경우,한국어또는영어로번역공증을받아제출(원어성적증명서사본첨부)\n- 12 -']","유학생이 졸업증명서를 제출할 때 준비해야 할 서류는 다음과 같습니다:

1. **고등학교졸업(예정)증명서**: 아포스티유 혹은 한국 영사 확인이 필요합니다.
2. **고등학교성적증명서**: 고등학교 전 학년 성적이 기재되어 있어야 하며, 아포스티유 혹은 한국 영사 확인이 필요합니다.
3. **전적대학졸업(예정)증명서 또는 재학증명서**: 편입 지원자의 경우, 학사 과정 재학생은 재학증명서를, 전문학사 졸업(예정)생은 졸업(예정)증명서를 제출해야 하며, 아포스티유 혹은 한국 영사 확인이 필요합니다.
4. **전적대학성적증명서**: 대학교 전 과정 성적이 기재되어 있어야 하며, 아포스티유 혹은 한국 영사 확인이 필요합니다.

또한, 제출하는 모든 서류는 한국어 또는 영어로 번역 공증을 받아야 하며, 원본 서류를 첨부해야 합니다.","유학생은 졸업증명서를 제출할 때, 아포스티유 협약 회원국의 경우 아포스티유 인증서를 제출해야 하며, 비회원국의 경우 한국 영사관의 인증서를 제출해야 합니다. 중국 기관 졸업자는 CHSI 웹사이트의 인증서와 졸업증명서 사본을 제출해야 합니다.",0.8888888888888888,0.6021933241027161,0.9999999999666667,0.5
유학생이 지원 서류를 제출할 때 어떤 언어로 문서를 제출해야 하나요?,"['6. 제출 서류\n가. 필수 제출 서류\n구분\n순번 제출서류 비고\n신입 편입\n- 온라인접수후출력\n1 입학지원서 ● ●\n(applydonga.accomsystem.co.kr)\n● ●\n2 자기소개서 (양식1)\n3 학력조회동의서 ● ● (양식2)\n- ‘유의사항마.’ 참조\n4 고등학교졸업(예정)증명서 ● ●\n- 아포스티유혹은한국영사확인\n- 유의사항바.’ 참조\n5 고등학교성적증명서 ● ● - 고등학교전학년성적기재\n- 아포스티유혹은한국영사확인\n- ‘유의사항마.’ 참조\n전적대학졸업(예정)증명서 또는 - 아포스티유혹은한국영사확인\n6 ●\n재학증명서 - 편입지원자중학사과정재학생은재학증명서,\n전문학사졸업(예정)생은졸업(예정)증명서제출\n- 유의사항바.’ 참조\n7 전적대학성적증명서 ● - 대학교전과정성적기재\n- 아포스티유혹은한국영사확인\n8 부모·학생관계증명서 ● ● - 유의사항사.’ 참조\n- 국적확인가능한신분증제출\n9 본인및부모의신분증사본 ● ●\n(여권혹은본국신분증)\n10 재정능력입증서류(은행잔고증명서) ● ● - ‘유의사항아.’ 참조\n재정보증확인서 ● ● (양식3)\n재정능력입증서류의\n11 재정보증인수입증명서 ● ●\n주체가본인이아닐시\n재직증명서 ● ●\n- 유효기간내성적만접수가능\n12 어학능력입증서류 ● ●\n(접수마감일기준2년이내취득)\n13 여권사본 ● ●\n※ 양식별첨\n※ 원서접수기간내필수제출서류를전체스캔하여원서접수사이트에업로드\n※ 업로드시, 항목당파일한개로통합하여제출(PDF, JPG, PNG파일형식)\n※제출서류중[한국어또는영어]외의다른언어로된서류는한국어또는영어로번역공증을받아제출\n- 9 -', '[Tables]\n|  |\n| 6. 제출 서류 가. 필수 제출 서류 구분 순번 제출서류 비고 신입 편입 - 온라인접수후출력 1 입학지원서 ● ● (applydonga.accomsystem.co.kr) ● ● 2 자기소개서 (양식1) 3 학력조회동의서 ● ● (양식2) - ‘유의사항마.’ 참조 4 고등학교졸업(예정)증명서 ● ● - 아포스티유혹은한국영사확인 - 유의사항바.’ 참조 5 고등학교성적증명서 ● ● - 고등학교전학년성적기재 - 아포스티유혹은한국영사확인 - ‘유의사항마.’ 참조 전적대학졸업(예정)증명서 또는 - 아포스티유혹은한국영사확인 6 ● 재학증명서 - 편입지원자중학사과정재학생은재학증명서, 전문학사졸업(예정)생은졸업(예정)증명서제출 - 유의사항바.’ 참조 7 전적대학성적증명서 ● - 대학교전과정성적기재 - 아포스티유혹은한국영사확인 8 부모·학생관계증명서 ● ● - 유의사항사.’ 참조 - 국적확인가능한신분증제출 9 본인및부모의신분증사본 ● ● (여권혹은본국신분증) 10 재정능력입증서류(은행잔고증명서) ● ● - ‘유의사항아.’ 참조 재정보증확인서 ● ● (양식3) 재정능력입증서류의 11 재정보증인수입증명서 ● ● 주체가본인이아닐시 재직증명서 ● ● - 유효기간내성적만접수가능 12 어학능력입증서류 ● ● (접수마감일기준2년이내취득) 13 여권사본 ● ● ※ 양식별첨 ※ 원서접수기간내필수제출서류를전체스캔하여원서접수사이트에업로드 ※ 업로드시, 항목당파일한개로통합하여제출(PDF, JPG, PNG파일형식) ※제출서류중[한국어또는영어]외의다른언어로된서류는한국어또는영어로번역공증을받아제출 - 9 - |\n| 순번 | 제출서류 |  | 구분 |  | 비고 |\n|  |  |  | 신입 | 편입 |  |\n| 1 | 입학지원서 |  | ● | ● | - 온라인접수후출력 (applydonga.accomsystem.co.kr) |\n| 2 | 자기소개서 |  | ● | ● | (양식1) |\n| 3 | 학력조회동의서 |  | ● | ● | (양식2) |', '| 7. Notes of Document submission A. After the application is completed (payment of the application fee), it is not acceptable to change theapplicationdetails,suchaschangingmajorsorsubmittingadditionaldocuments. B. Allsubmitteddocuments must be attached to the online application site within applicationperiod, anditwillbedisqualifiedifrequireddocumentsarenotattachedorit’sunidentifiabletocheck. ※Documentscannotbesubmittedbymailore-mail C. All requireddocumentstobesubmittedmust be in[Koreanor English].Documents inany other languagesmusthaveanotarizedtranslationinto[KoreanorEnglish]andattached. D. Additional documents may be requested as necessary. The document deemed necessary for application procedure may increase or decrease according to the decision of the Office of InternationalAffairs,Dong-Auniversity. E.Certificateof(expected)Graduation(Applicantsshouldsubmitoneofthefollowingdocuments.) 1)MembersoftheApostilleConvention:SubmitApostilleCertification']",유학생이 지원 서류를 제출할 때는 반드시 한국어 또는 영어로 제출해야 합니다. 다른 언어로 된 서류는 한국어 또는 영어로 번역 공증을 받아서 제출해야 합니다.,"모든 제출 문서는 한국어 또는 영어로 작성되어야 하며, 다른 언어로 된 문서는 한국어 또는 영어로 공증된 번역본을 첨부해야 합니다.",1.0,0.6480256986000886,0.9999999999666667,1.0
유학생이 신청서를 작성할 때 다른 사람의 도움을 받을 수 있나요?,"['d) 주소 Address e) 전화번호 Phone No.\nAddress of the university in Korea is on Business Registration of the university in Korea\n10. 방문경비 / FUNDING DETAILS\n10.1 방문경비(미국 달러 기준) Estimated travel costs(in US dollars) It is necessary to fill in estimated travel costs.\nPlease write your estimated cost (including all living expenses such as accomodation, travel, etc.) during your expected months of stay in Korea\n10.2 경비지급자 Who will pay for the applicant’s travel-related expenses? (Any relevant person including the applicant and/or organization)\na) 성명/회사(단체)명 Name of Person/Organization (Company) b) 관계 Relationship to the applicant\nc) 지원내용 Type of Support d) 연락처 Contact No.\n11. 서류 작성 시 도움 여부 / ASSISTANCE WITH THIS FORM\n11.1 이 신청서를 작성하는데 다른 사람의 도움을 받았습니까? Did the applicant receive assistance in completing\nthis form? 아니요 No [ ] 예 Yes [ ] →‘예’선택 시 상세내용 기재 If‘Yes’, please provide details of the person', '| 순번 | 제출서류 |  | 구분 |  | 비고 |\n|  |  |  | 신입 | 편입 |  |\n| 1 | 입학지원서 |  | ● | ● | - 온라인접수후출력 (applydonga.accomsystem.co.kr) |\n| 2 | 자기소개서 |  | ● | ● | (양식1) |\n| 3 | 학력조회동의서 |  | ● | ● | (양식2) |\n| 4 | 고등학교졸업(예정)증명서 |  | ● | ● | - ‘유의사항마.’ 참조 - 아포스티유혹은한국영사확인 |\n| 5 | 고등학교성적증명서 |  | ● | ● | - 유의사항바.’ 참조 - 고등학교전학년성적기재 - 아포스티유혹은한국영사확인 |\n| 6 | 전적대학졸업(예정)증명서 또는 재학증명서 |  |  | ● | - ‘유의사항마.’ 참조 - 아포스티유혹은한국영사확인 - 편입지원자중학사과정재학생은재학증명서, 전문학사졸업(예정)생은졸업(예정)증명서제출 |\n| 7 | 전적대학성적증명서 |  |  | ● | - 유의사항바.’ 참조 - 대학교전과정성적기재 - 아포스티유혹은한국영사확인 |\n| 8 | 부모·학생관계증명서 |  | ● | ● | - 유의사항사.’ 참조 |\n| 9 | 본인및부모의신분증사본 |  | ● | ● | - 국적확인가능한신분증제출 (여권혹은본국신분증) |\n| 10 | 재정능력입증서류(은행잔고증명서) |  | ● | ● | - ‘유의사항아.’ 참조 |\n| 11 | 재정능력입증서류의 주체가본인이아닐시 | 재정보증확인서 | ● | ● | (양식3) |\n|  |  | 재정보증인수입증명서 | ● | ● |  |\n|  |  | 재직증명서 | ● | ● |  |\n| 12 | 어학능력입증서류 |  | ● | ● | - 유효기간내성적만접수가능 (접수마감일기준2년이내취득) |\n| 13 | 여권사본 |  | ● | ● |  |', '6. 제출 서류\n가. 필수 제출 서류\n구분\n순번 제출서류 비고\n신입 편입\n- 온라인접수후출력\n1 입학지원서 ● ●\n(applydonga.accomsystem.co.kr)\n● ●\n2 자기소개서 (양식1)\n3 학력조회동의서 ● ● (양식2)\n- ‘유의사항마.’ 참조\n4 고등학교졸업(예정)증명서 ● ●\n- 아포스티유혹은한국영사확인\n- 유의사항바.’ 참조\n5 고등학교성적증명서 ● ● - 고등학교전학년성적기재\n- 아포스티유혹은한국영사확인\n- ‘유의사항마.’ 참조\n전적대학졸업(예정)증명서 또는 - 아포스티유혹은한국영사확인\n6 ●\n재학증명서 - 편입지원자중학사과정재학생은재학증명서,\n전문학사졸업(예정)생은졸업(예정)증명서제출\n- 유의사항바.’ 참조\n7 전적대학성적증명서 ● - 대학교전과정성적기재\n- 아포스티유혹은한국영사확인\n8 부모·학생관계증명서 ● ● - 유의사항사.’ 참조\n- 국적확인가능한신분증제출\n9 본인및부모의신분증사본 ● ●\n(여권혹은본국신분증)\n10 재정능력입증서류(은행잔고증명서) ● ● - ‘유의사항아.’ 참조\n재정보증확인서 ● ● (양식3)\n재정능력입증서류의\n11 재정보증인수입증명서 ● ●\n주체가본인이아닐시\n재직증명서 ● ●\n- 유효기간내성적만접수가능\n12 어학능력입증서류 ● ●\n(접수마감일기준2년이내취득)\n13 여권사본 ● ●\n※ 양식별첨\n※ 원서접수기간내필수제출서류를전체스캔하여원서접수사이트에업로드\n※ 업로드시, 항목당파일한개로통합하여제출(PDF, JPG, PNG파일형식)\n※제출서류중[한국어또는영어]외의다른언어로된서류는한국어또는영어로번역공증을받아제출\n- 9 -']","네, 유학생이 신청서를 작성할 때 다른 사람의 도움을 받을 수 있습니다. 신청서 작성 시 도움을 받았는지 여부를 묻는 항목이 있으며, '예'를 선택할 경우 도움을 준 사람에 대한 상세 내용을 기재해야 합니다.","네, 신청서를 작성하는 데 다른 사람의 도움을 받을 수 있으며, '예'를 선택한 경우 도움을 준 사람의 상세 정보를 기재해야 합니다.",1.0,0.5176779988942345,0.8333333332916666,1.0
유학생이 한국어 수업을 듣기 위해 신청해야 하는 마감일은 언제인가요?,"['사정, 본인의 중대한 질병 등 부득이한 사유가 있는 경우에 한하여 허용한다. 이 경\n우 장학생은 휴학 신청서와 함께 해당 사유를 증빙하는 자료를 제출하여야 한다.\n④휴학은 학기 단위로 신청하여야 하며, 총 휴학 기간은 1년을 초과할 수 없다.\n다만, 수학기관장이 특별한 사유로 인정하는 경우에는 최대 1년의 범위에서 휴학 기\n간을 추가로 연장할 수 있다.\n⑤수학대학장은 장학생의 휴학 처리 결과를 교육원장에게 보고하여야 한다.\n제13조(복학) ①복학하고자 하는 장학생은 휴학 기간 종료 1개월 전까지 수학기관의\n학칙에 따라 복학 신고를 하여야 한다.\n②수학기관장은 장학생의 복학 처리 결과를 매학기 개시일 2주 전까지 교육원장에게\n보고하여야 한다.\n제14조(비상연락망 유지) 장학생은 체류지, 연락처 등 정보가 변경된 즉시 수학기관에\n신고하여야 하며, 수학기관장은 수학대학의 장학생 및 교육원과의 비상 연락 체계를\n상시 유지하여야 한다.\n제15조(일시출국) ①한국어연수과정 장학생의 일시출국은 다음 각호에 한하여 일시출국\n7일 전까지 일시출국신청서 및 증빙서류를 제출하여 한국어 연수기관장의 승인을\n받아야 한다. 다만 가족사망 등의 이유로 출국이 긴급한 경우에는 일시출국일까지\n신청할 수 있다.\n1. 학기 중에는 본국의 긴급 소환, 직계 가족의 긴급한 가정 사정, 본인의 중대한 질병\n등 특별한 사안이 발생한 경우에 한하여 최대 2주까지 일시출국 허용\n2. 한국어 연수기관장이 정한 방학 기간 범위 내에서 최대 4주까지 일시출국 허용\n②학위과정 장학생의 일시출국은 다음 각호에 한하여 일시출국 7일 전까지 일시출국\n신청서를 제출하여 수학대학장의 승인을 받아야 한다. 다만 가족사망 등의 이유로\n출국이 긴급한 경우에는 일시출국일까지 신청할 수 있다.\n1. 학기 중에는 학업에 지장이 없는 범위 내에서 최대 2주까지 일시출국 허용\n2. 수학대학장이 정한 방학 기간 내에서 일시출국 허용\n제16조(재입국 신고) ①일시출국 기간이 종료되어 재입국한 장학생은 7일 이내에 출입국\n- 5 -', '01 02\nCourse Information Course Schedule\n1 Program outline 1 2026\nSemester Four quarters(10 weeks per quarter) Hours 20 hours × 10 weeks = 200 hours Semester Date (10 weeks) Application Deadline The first day of the semester\nDays Mon – Fri (4 hrs per day) Lessons Korean language and cultural activities\nClass size Approximately 15 students (Class may be cancelled if the number of the students is less than 10) 1st 2026.03.03.(Tue) ~ 2026.05.08.(Fri) 2025.12.01.(Mon)~2026.01.02.(Fri) 2026.03.03(Tue)\n1,300,000 KRW per semester\nTuition Fee\n※ Screening fee (50,000KRW) is a non-refundable initial payment due at the time of admission.\nSummer 2026.06.01.(Mon) ~ 2026.08.07.(Fri) 2026.02.16.(Mon)~2026.04.03.(Fri) 2026.06.01.(Mon)\nBeginner 1 & 2 Afternoon class(13:20~17:20)\nLevel and\nIntermediate 1 & 2 Advanced 1 & 2 Morning class (09:00 ~ 13:00)\nclass hours 2nd 2026.08.31.(Mon) ~ 2026.11.06.(Fri) 2026.05.18.(Mon)~2026.07.03.(Fri) 2026.08.31.(Mon)\n※ Class hours can be adjusted', '| 구분 | 일정 |  | 3차 비고 |  |  |\n|  | 1차 | 2차 |  |  |  |\n| 모집기간 | 2026.4.1.(수) ~ 4.14.(화), 24:00까지 | 2026.6.15.(월) ~ 6.21.(일), 24:00까지 | 2026.7.23(목)~ 7.29.(수), 24:00까지 | (app | 온라인지원 lydonga.accomsystem.co.kr) |\n| 동아 한국어능력평가 | 2026.04.14(화) 예정 | 추후공지예정 |  |  | 국제교류과홈페이지공지 |\n| 합격자발표 | 2026.5.15.(금) 14:00예정 | 2026.7.20.(월) 14:00 예정 | 2026.8.14(금) 14:00 예정 |  | 국제교류과홈페이지공지 |\n| 등록금납부 | 2026.5.18.(월) ~ 5.20.(수) 09:00 ~ 16:00 | 2026.7.21.(화) ~ 7.23.(목) 09:00 ~ 16:00 | 2026.8.19.(화) ~ 8.20.(수) 09:00 ~ 16:00 |  | 합격자별도안내 |']","유학생이 한국어 수업을 듣기 위해 신청해야 하는 마감일은 다음과 같습니다:

1. 1차 모집: 2026년 4월 1일(수) ~ 4월 14일(화), 24:00까지
2. 2차 모집: 2026년 6월 15일(월) ~ 6월 21일(일), 24:00까지
3. 3차 모집: 2026년 7월 23일(목) ~ 7월 29일(수), 24:00까지

각 모집 기간 내에 신청해야 합니다.",2026년 11월 16일입니다.,1.0,0.5823651581593606,0.49999999995,0.0
유학생이 여권을 돌려받기 위해 주소를 기재할 때 주의해야 할 점은 무엇인가요?,"['| 순번 | 제출서류 |  | 구분 |  | 비고 |\n|  |  |  | 신입 | 편입 |  |\n| 1 | 입학지원서 |  | ● | ● | - 온라인접수후출력 (applydonga.accomsystem.co.kr) |\n| 2 | 자기소개서 |  | ● | ● | (양식1) |\n| 3 | 학력조회동의서 |  | ● | ● | (양식2) |\n| 4 | 고등학교졸업(예정)증명서 |  | ● | ● | - ‘유의사항마.’ 참조 - 아포스티유혹은한국영사확인 |\n| 5 | 고등학교성적증명서 |  | ● | ● | - 유의사항바.’ 참조 - 고등학교전학년성적기재 - 아포스티유혹은한국영사확인 |\n| 6 | 전적대학졸업(예정)증명서 또는 재학증명서 |  |  | ● | - ‘유의사항마.’ 참조 - 아포스티유혹은한국영사확인 - 편입지원자중학사과정재학생은재학증명서, 전문학사졸업(예정)생은졸업(예정)증명서제출 |\n| 7 | 전적대학성적증명서 |  |  | ● | - 유의사항바.’ 참조 - 대학교전과정성적기재 - 아포스티유혹은한국영사확인 |\n| 8 | 부모·학생관계증명서 |  | ● | ● | - 유의사항사.’ 참조 |\n| 9 | 본인및부모의신분증사본 |  | ● | ● | - 국적확인가능한신분증제출 (여권혹은본국신분증) |\n| 10 | 재정능력입증서류(은행잔고증명서) |  | ● | ● | - ‘유의사항아.’ 참조 |\n| 11 | 재정능력입증서류의 주체가본인이아닐시 | 재정보증확인서 | ● | ● | (양식3) |\n|  |  | 재정보증인수입증명서 | ● | ● |  |\n|  |  | 재직증명서 | ● | ● |  |\n| 12 | 어학능력입증서류 |  | ● | ● | - 유효기간내성적만접수가능 (접수마감일기준2년이내취득) |\n| 13 | 여권사본 |  | ● | ● |  |', ""*If you have not resided in the Netherlands for more than 2 years, please submit “incomplete document form”\nCertificate of Master or Doctoral's degree* + Apostilled(original)\n5\n신청인의석/박사졸업증(아포스티유(원본)필요)\nBusiness registration of the university in Korea issued within 3 months\n6\n한국대학교의사업자등록증명원명원(발급3개월이내)\nFinancial proof\n재정증명\n- Applicant’s Bank Statement (650EUR * 00months) issued within 2weeks.\n신청인은행계좌내역\n7 - or Confirmation of research allowance: If your research allowance is above 650 EUR per month, you need to apply\nfor another visa type.\n또는연구수당지급확인서(연구수당이월60-70만원상회시, 다른비자타입을신청하여야함)\n- or Guarantee from a Korean university\n또는신원보증서\nConfirmation of Foreign Research Student stamped by head of university\n8\n외국인연구생확인서(대학총장직인날인반드시필요)\n9 Proof of Payment Receipt / 송금내역서\nKVAC Waiver Courier / 우편접수시책임면책서\n1\nPlease clearly write down the address where you wish to have your passport sent back including C/O.\n0\n반드시여권을돌려받아야하는주소를정확하게기재해주시기바랍니다. (우편함이름까지기재)\nKVAC Consent Form and Terms of Use / KVAC 이용약관동의서"", '| 5 | Business registration of the university in Korea issued within 3 months 한국대학교의사업자등록증명원명원(발급3개월이내) |\n| 6 | Financial proof 재정증명 - Applicant’s Bank Statement (650EUR * 00months) issued within 2weeks. 신청인은행계좌내역 - or Confirmation of research allowance: If your research allowance is above 650 EUR per month, you need to apply for another visa type. 또는연구수당지급확인서(연구수당이월60-70만원상회시, 다른비자타입을신청하여야함) - or Guarantee from a Korean university 또는신원보증서 |\n| 7 | Confirmation of Foreign Research Student stamped by head of university *STAMP IS NEEDED 외국인연구생확인서(대학총장직인날인반드시필요) |\n| 8 | Proof of Payment Receipt / 송금내역서 |\n| 9 | KVAC Waiver Courier / 우편접수시책임면책서 Please clearly write down the address where you wish to have your passport sent back including C/O. 반드시여권을돌려받아야하는주소를정확하게기재해주시기바랍니다. (우편함이름까지기재) |']","유학생이 여권을 돌려받기 위해 주소를 기재할 때 주의해야 할 점은 다음과 같습니다:

1. **정확한 주소 기재**: 여권을 돌려받아야 하는 정확한 주소를 기재해야 합니다. 이는 우편물이 정확하게 전달되기 위해서 필수적입니다.

2. **C/O 포함**: 주소를 기재할 때, 만약 우편함 이름이 따로 있다면 ""C/O""를 포함하여 기재해야 합니다. 이는 우편물이 특정 인물이나 장소로 전달될 수 있도록 돕습니다.

3. **우편함 이름 기재**: 우편함 이름까지 정확하게 기재해야 하며, 이를 통해 우편물이 안전하게 수령될 수 있습니다.

이러한 사항들을 준수하여 주소를 기재하면 여권을 안전하게 돌려받을 수 있습니다.","여권을 돌려받아야 하는 주소를 정확하게 기재해야 하며, 우편함 이름까지 포함해야 합니다.",1.0,0.4887246095718722,0.9999999999666667,1.0
